Rk (17-18),Team,G,MP,FG,FGA,FG%,3P,3PA,3P%,2P,2PA,2P%,FT,FTA,FT%,ORB,DRB,TRB,AST,STL,BLK,TOV,PF,PTS,Semifinals?
1,Golden State Warriors*,82,240.6,42.8,85.1,0.503,11.3,28.9,0.391,31.5,56.2,0.56,16.6,20.3,0.815,8.4,35.1,43.5,29.3,8,7.5,15.5,19.6,113.5,YES
2,Houston Rockets*,82,240.9,38.7,84.2,0.46,15.3,42.3,0.362,23.4,41.9,0.558,19.6,25.1,0.781,9,34.5,43.5,21.5,8.5,4.8,13.8,19.5,112.4,YES
3,New Orleans Pelicans*,82,243.4,42.7,88.3,0.483,10.2,28.2,0.362,32.5,60.1,0.54,16.1,20.9,0.772,8.7,35.7,44.3,26.8,8,5.9,14.9,19.1,111.7,NO
4,Toronto Raptors*,82,241.8,41.3,87.4,0.472,11.8,33,0.358,29.5,54.4,0.541,17.3,21.8,0.794,9.8,34.2,44,24.3,7.6,6.1,13.4,21.7,111.7,NO
5,Cleveland Cavaliers*,82,240.6,40.4,84.8,0.476,12,32.1,0.372,28.4,52.6,0.54,18.1,23.3,0.779,8.5,33.7,42.1,23.4,7.1,3.8,13.7,18.6,110.9,YES
6,Denver Nuggets,82,242.4,40.7,86.6,0.47,11.5,30.9,0.371,29.2,55.7,0.525,17.1,22.3,0.767,11,33.5,44.5,25.1,7.6,4.9,15,18.7,110,NO
7,Philadelphia 76ers*,82,241.2,40.8,86.6,0.472,11,29.8,0.369,29.9,56.7,0.526,17.1,22.8,0.752,10.9,36.5,47.4,27.1,8.3,5.1,16.5,22.1,109.8,NO
8,Minnesota Timberwolves*,82,241.5,41,86.1,0.476,8,22.5,0.357,33,63.6,0.519,19.4,24.1,0.804,10.3,31.6,42,22.7,8.4,4.2,12.5,18.2,109.5,NO
9,Los Angeles Clippers,82,240.3,40.3,85.4,0.471,9.5,26.8,0.354,30.8,58.6,0.525,19,25.5,0.743,10.1,33.7,43.9,22.3,7.7,4.5,14.7,20,109,NO
10,Charlotte Hornets,82,241.2,39,86.7,0.45,10,27.2,0.369,28.9,59.4,0.487,20.2,27,0.747,10.1,35.4,45.5,21.6,6.8,4.5,12.7,17.2,108.2,NO
11,Los Angeles Lakers,82,242.7,40.7,88.4,0.461,10,29.1,0.345,30.7,59.3,0.517,16.6,23.3,0.714,10.7,35.7,46.4,23.8,7.7,4.7,15.8,21.2,108.1,NO
12,Oklahoma City Thunder*,82,241.8,39.9,88.1,0.453,10.7,30.4,0.354,29.1,57.7,0.505,17.3,24.2,0.716,12.5,32.6,45.1,21.3,9.1,5,14,20.2,107.9,NO
13,Washington Wizards*,82,242.1,39.9,85.6,0.467,9.9,26.5,0.375,30,59.1,0.508,16.8,21.8,0.772,10,33.1,43.1,25.2,7.9,4.3,14.6,21.3,106.6,NO
14,Brooklyn Nets,82,242.1,38.2,86.8,0.441,12.7,35.7,0.356,25.5,51.1,0.5,17.4,22.6,0.772,9.7,34.8,44.4,23.7,6.2,4.8,15.2,20.6,106.6,NO
15,Milwaukee Bucks*,82,241.8,39.7,83,0.478,8.8,24.7,0.355,31,58.3,0.531,18.3,23.4,0.783,8.4,31.5,39.8,23.2,8.8,5.4,13.8,21.4,106.5,NO
16,Portland Trail Blazers*,82,240.9,39.3,87,0.452,10.3,28.1,0.366,29,58.8,0.493,16.7,20.9,0.8,10.2,35.3,45.5,19.5,7,5.2,13.5,19.5,105.6,NO
17,Indiana Pacers*,82,240.9,40.8,86.4,0.472,9,24.5,0.369,31.8,61.9,0.513,14.9,19.2,0.779,9.6,32.7,42.3,22.2,8.8,4.1,13.3,18.8,105.6,NO
18,New York Knicks,82,241.8,40.7,87.7,0.464,8.2,23.3,0.352,32.5,64.4,0.504,14.9,19,0.787,10.5,33.6,44,23.3,6.7,5.1,14.7,20.5,104.5,NO
19,Utah Jazz*,82,240.9,38.3,82.9,0.462,10.8,29.6,0.366,27.5,53.3,0.515,16.8,21.5,0.779,9,34.2,43.3,22.4,8.6,5.1,14.7,19.6,104.1,NO
20,Boston Celtics*,82,241.5,38.3,85.1,0.45,11.5,30.4,0.377,26.9,54.7,0.491,16,20.7,0.771,9.4,35.1,44.5,22.5,7.4,4.5,14,19.7,104,YES
21,Phoenix Suns,82,240.3,38.5,87.1,0.442,9.3,27.9,0.334,29.1,59.2,0.492,17.7,23.9,0.741,10.3,33.9,44.1,21.3,6.9,4.5,15.7,22,103.9,NO
22,Detroit Pistons,82,241.5,39.1,86.9,0.45,10.8,28.9,0.373,28.3,58,0.488,14.7,19.8,0.745,10.1,33.6,43.7,22.8,7.7,3.9,13.5,18.4,103.8,NO
23,Miami Heat*,82,243,38.8,85.3,0.455,11,30.6,0.36,27.8,54.8,0.508,14.7,19.5,0.755,9.3,34.2,43.5,22.7,7.6,5.3,14.4,20.1,103.4,NO
24,Orlando Magic,82,240.6,38.8,85.9,0.452,10.3,29.3,0.351,28.5,56.5,0.504,15.5,20.5,0.757,8.8,32.8,41.6,23.4,7.6,4.9,14.5,19.3,103.4,NO
25,Atlanta Hawks,82,240.3,38.2,85.5,0.446,11.2,31,0.36,27,54.5,0.495,15.8,20.2,0.785,9.1,32.8,41.9,23.7,7.8,4.2,15.6,19.6,103.4,NO
26,Chicago Bulls,82,242.1,38.7,88.8,0.435,11,31.1,0.355,27.6,57.8,0.478,14.6,19.2,0.759,9.6,35,44.7,23.5,7.6,3.5,14,19.2,102.9,NO
27,San Antonio Spurs*,82,240.6,39,85.4,0.457,8.5,24.1,0.352,30.6,61.2,0.499,16.1,20.9,0.772,10.4,33.9,44.2,22.8,7.7,5.6,13.1,17.2,102.7,NO
28,Dallas Mavericks,82,241.5,38.1,85.9,0.444,11.8,32.8,0.36,26.4,53.1,0.496,14.2,18.7,0.763,8.1,33.1,41.3,22.7,7,3.8,12.3,19.2,102.3,NO
29,Memphis Grizzlies,82,240.3,36.7,82.8,0.444,9.2,26.2,0.352,27.5,56.5,0.486,16.6,21.1,0.786,9.5,31,40.5,21.5,7.5,4.8,15,23.2,99.3,NO
30,Sacramento Kings,82,240.9,38.8,86.1,0.45,9,24,0.375,29.8,62.1,0.479,12.3,16.7,0.735,9.5,31.4,40.9,21.6,7.8,4.1,13.7,20,98.8,NO
1,Golden State Warriors*,82,241.2,43.1,87.1,0.495,12,31.2,0.383,31.1,55.8,0.557,17.8,22.6,0.788,9.4,35,44.4,30.4,9.6,6.8,14.8,19.3,115.9,YES
2,Houston Rockets*,82,241.2,40.3,87.2,0.462,14.4,40.3,0.357,25.9,46.9,0.552,20.3,26.5,0.766,10.9,33.5,44.4,25.2,8.2,4.3,15.1,19.9,115.3,NO
3,Denver Nuggets,82,240.9,41.2,87.7,0.469,10.6,28.8,0.368,30.6,58.9,0.519,18.7,24.2,0.774,11.8,34.6,46.4,25.3,6.9,3.9,15,19.1,111.7,NO
4,Cleveland Cavaliers*,82,242.4,39.9,84.9,0.47,13,33.9,0.384,26.9,51,0.528,17.5,23.3,0.748,9.3,34.4,43.7,22.7,6.6,4,13.7,18.1,110.3,YES
5,Washington Wizards*,82,242.1,41.3,87,0.475,9.2,24.8,0.372,32.1,62.3,0.515,17.3,22.1,0.784,10.3,32.6,42.9,23.9,8.5,4.1,14.2,21.3,109.2,NO
6,Los Angeles Clippers*,82,240.9,39.5,83.2,0.475,10.3,27.4,0.375,29.3,55.8,0.525,19.3,26,0.745,9,34,43,22.5,7.5,4.2,13,19.8,108.7,NO
7,Boston Celtics*,82,240.9,38.6,85.1,0.454,12,33.4,0.359,26.6,51.7,0.515,18.7,23.2,0.807,9.1,32.9,42,25.2,7.5,4.1,13.3,20.6,108,YES
8,Portland Trail Blazers*,82,243,39.5,86.1,0.459,10.4,27.7,0.375,29.2,58.4,0.499,18.5,23.7,0.78,10.1,33.5,43.7,21.1,7,5,13.7,21.2,107.9,NO
9,Phoenix Suns,82,241.8,39.9,88.5,0.45,7.5,22.6,0.332,32.4,65.9,0.491,20.4,26.3,0.776,11.9,33.1,45,19.6,8.2,4.9,15.4,24.8,107.7,NO
10,Toronto Raptors*,82,241.2,39.2,84.4,0.464,8.8,24.3,0.363,30.3,60,0.505,19.7,24.7,0.796,10.6,32.6,43.3,18.5,8.3,4.9,12.7,20.8,106.9,NO
11,Oklahoma City Thunder*,82,241.5,39.5,87.4,0.452,8.4,25.8,0.327,31,61.6,0.504,19.2,25.8,0.745,12.2,34.4,46.6,21,7.9,5,15,20.9,106.6,NO
12,Brooklyn Nets,82,240.9,37.8,85.2,0.444,10.7,31.6,0.338,27.1,53.6,0.506,19.4,24.6,0.788,8.8,35.1,43.9,21.4,7.2,4.7,16.5,21,105.8,NO
13,Minnesota Timberwolves,82,241.5,39.5,84.4,0.467,7.3,21,0.349,32.1,63.4,0.507,19.3,24.2,0.799,11.4,31,42.4,23.7,8,4.5,14,20.1,105.6,NO
14,San Antonio Spurs*,82,241.5,39.3,83.7,0.469,9.2,23.5,0.391,30.1,60.2,0.5,17.6,22,0.797,10,33.9,43.9,23.8,8,5.9,13.4,18.3,105.3,YES
15,Indiana Pacers*,82,242.1,39.3,84.5,0.465,8.6,23,0.376,30.6,61.5,0.498,17.9,22.1,0.81,9,33,42,22.5,8.2,5,13.8,19.5,105.1,NO
16,Charlotte Hornets,82,241.8,37.7,85.4,0.442,10,28.6,0.351,27.7,56.7,0.488,19.4,23.8,0.815,8.8,34.8,43.6,23.1,7,4.8,11.5,16.6,104.9,NO
17,Los Angeles Lakers,82,240.3,39.3,87.4,0.45,8.9,25.7,0.346,30.4,61.6,0.493,17,22.6,0.754,11.4,32.1,43.5,20.9,8.2,3.9,15.2,20.7,104.6,NO
18,New Orleans Pelicans,82,242.7,39.1,87,0.45,9.4,26.8,0.35,29.8,60.2,0.495,16.7,22.3,0.75,8.6,35.1,43.7,22.8,7.8,5.5,12.9,18.2,104.3,NO
19,New York Knicks,82,242.1,39.6,88.5,0.447,8.6,24.7,0.348,31,63.8,0.485,16.6,21.1,0.788,12,33.2,45.2,21.8,7.1,5.5,13.9,20.3,104.3,NO
20,Milwaukee Bucks*,82,241.2,38.8,81.9,0.474,8.8,23.7,0.37,30,58.2,0.516,17.2,22.4,0.768,8.8,31.6,40.4,24.2,8.1,5.3,14,20.2,103.6,NO
21,Miami Heat,82,241.2,39,85.8,0.455,9.9,27,0.365,29.2,58.8,0.496,15.2,21.6,0.706,10.6,33,43.6,21.2,7.2,5.7,13.4,20.5,103.2,NO
22,Atlanta Hawks*,82,242.4,38.1,84.4,0.451,8.9,26.1,0.341,29.2,58.3,0.501,18.1,24.9,0.728,10.3,34.1,44.3,23.6,8.2,4.8,15.8,18.2,103.2,NO
23,Chicago Bulls*,82,241.2,38.6,87.1,0.444,7.6,22.3,0.34,31,64.8,0.479,18,22.5,0.798,12.2,34.1,46.3,22.6,7.8,4.8,13.6,17.7,102.9,NO
24,Sacramento Kings,82,242.4,37.9,82.1,0.461,9,23.9,0.376,28.9,58.2,0.496,18.1,23.3,0.775,8.7,32.3,41.1,22.5,7.6,4,14.6,20.3,102.8,NO
25,Philadelphia 76ers,82,241.8,37.7,85.3,0.442,10.1,29.8,0.34,27.5,55.5,0.496,17,22,0.771,9.8,33,42.8,23.8,8.4,5.1,16.7,21.9,102.4,NO
26,Detroit Pistons,82,241.5,39.9,88.8,0.449,7.7,23.4,0.33,32.2,65.5,0.492,13.9,19.3,0.719,11.1,34.6,45.7,21.1,7,3.8,11.9,17.9,101.3,NO
27,Orlando Magic,82,241.5,38.3,87,0.44,8.5,26.1,0.328,29.7,60.9,0.488,16,21.4,0.747,9.8,33.3,43.2,22.2,7.1,4.8,13.3,19.3,101.1,NO
28,Utah Jazz*,82,240.9,37,79.5,0.466,9.6,26,0.372,27.3,53.5,0.511,17.1,22.9,0.747,9.4,33.8,43.2,20.1,6.7,5,13.6,18.8,100.7,NO
29,Memphis Grizzlies*,82,242.7,36.4,83.6,0.435,9.4,26.5,0.354,27,57.1,0.473,18.3,23.4,0.784,10.8,32,42.8,21.3,8,4.2,12.9,22.4,100.5,NO
30,Dallas Mavericks,82,241.2,36.2,82.3,0.44,10.7,30.2,0.355,25.5,52.2,0.489,14.8,18.5,0.801,7.9,30.7,38.6,20.8,7.5,3.7,11.9,19.1,97.9,NO
1,Golden State Warriors*,82,242.4,42.5,87.3,0.487,13.1,31.6,0.416,29.4,55.7,0.528,16.7,21.8,0.763,10,36.2,46.2,28.9,8.4,6.1,15.2,20.7,114.9,YES
2,Oklahoma City Thunder*,82,241.8,41.1,86.4,0.476,8.3,23.7,0.349,32.9,62.6,0.524,19.7,25.2,0.782,13.1,35.6,48.6,23,7.4,5.9,15.9,20.6,110.2,YES
3,Sacramento Kings,82,241.5,40,86.4,0.464,8,22.4,0.359,32,64,0.5,18.5,25.5,0.725,10.6,33.7,44.2,24.5,8.9,4.5,16.2,20.4,106.6,NO
4,Houston Rockets*,82,241.8,37.7,83.5,0.452,10.7,30.9,0.347,27,52.6,0.514,20.4,29.4,0.694,11.3,31.7,43.1,22.2,10,5.2,15.9,21.8,106.5,NO
5,Boston Celtics*,82,241.2,39.2,89.2,0.439,8.7,26.1,0.335,30.5,63.1,0.483,18.5,23.5,0.788,11.6,33.3,44.9,24.2,9.2,4.2,13.7,21.9,105.7,NO
6,Portland Trail Blazers*,82,241.5,38.6,85.9,0.45,10.5,28.5,0.37,28.1,57.4,0.49,17.4,23,0.754,11.6,33.9,45.5,21.3,6.9,4.6,14.6,21.7,105.1,NO
7,Los Angeles Clippers*,82,241.8,38.3,82.4,0.465,9.7,26.7,0.364,28.6,55.7,0.513,18.2,26.2,0.692,8.8,33.3,42,22.8,8.6,5.6,13,21.3,104.5,NO
8,Cleveland Cavaliers*,82,242.1,38.7,84,0.46,10.7,29.6,0.362,27.9,54.4,0.514,16.3,21.7,0.748,10.6,33.9,44.5,22.7,6.7,3.9,13.6,20.3,104.3,YES
9,Washington Wizards,82,240.9,39.5,85.8,0.46,8.6,24.2,0.358,30.8,61.6,0.501,16.5,22.5,0.73,9.1,32.8,41.8,24.5,8.6,3.9,14.5,20.8,104.1,NO
10,San Antonio Spurs*,82,240.3,40.1,82.9,0.484,7,18.5,0.375,33.2,64.4,0.515,16.4,20.4,0.803,9.4,34.5,43.9,24.5,8.3,5.9,13.1,17.5,103.5,NO
11,Charlotte Hornets*,82,242.1,37,84.4,0.439,10.6,29.4,0.362,26.4,55,0.479,18.7,23.7,0.79,9,35,43.9,21.7,7.3,5.3,12.6,18.1,103.4,NO
12,Atlanta Hawks*,82,241.8,38.6,84.4,0.458,9.9,28.4,0.35,28.7,56.1,0.512,15.6,20,0.783,8.3,33.8,42.1,25.6,9.1,5.9,15,19.1,102.8,NO
13,New Orleans Pelicans,82,241.2,38.5,85.9,0.448,8.6,23.8,0.36,29.9,62.1,0.482,17.3,22.2,0.776,9.5,33.1,42.6,22.2,7.7,4.2,13.4,20.9,102.7,NO
14,Toronto Raptors*,82,241.2,36.7,81.3,0.451,8.6,23.4,0.37,28,58,0.483,20.8,26.7,0.777,10.2,33.2,43.4,18.7,7.8,5.5,13.1,19.6,102.7,YES
15,Minnesota Timberwolves,82,242.4,37.7,81.3,0.464,5.5,16.4,0.338,32.2,64.9,0.496,21.4,27,0.792,10,31.5,41.6,23.4,8,4.6,15,20.7,102.4,NO
16,Dallas Mavericks*,82,244,37.4,84.1,0.444,9.8,28.6,0.344,27.5,55.6,0.495,17.7,22.3,0.794,9.2,33.9,43.1,22.1,6.8,3.7,12.8,19.5,102.3,NO
17,Indiana Pacers*,82,242.4,38.3,85.2,0.45,8.1,23,0.351,30.2,62.1,0.486,17.4,22.8,0.764,10.3,33.9,44.2,21.2,9,4.8,14.9,20,102.2,NO
18,Orlando Magic,82,242.7,39.5,86.8,0.455,7.8,22.2,0.35,31.8,64.7,0.492,15.2,20.1,0.757,10.3,33,43.3,23.6,8.2,5.1,14.1,20.7,102.1,NO
19,Detroit Pistons*,82,242.4,37.9,86.4,0.439,9,26.2,0.345,28.9,60.2,0.48,17.1,25.5,0.668,12.5,33.9,46.3,19.4,7,3.7,13.5,19,102,NO
20,Denver Nuggets,82,241.8,37.7,85.4,0.442,8,23.7,0.338,29.7,61.7,0.482,18.5,24.1,0.766,11.5,33.1,44.6,22.7,7.4,4.8,14.7,21,101.9,NO
21,Chicago Bulls,82,242.7,38.6,87.4,0.441,7.9,21.4,0.371,30.7,66.1,0.464,16.5,21,0.787,11.1,35.2,46.3,22.8,6,5.7,13.9,18.8,101.6,NO
22,Phoenix Suns,82,240.3,37.2,85.6,0.435,9,25.8,0.348,28.2,59.8,0.472,17.5,23.2,0.751,11.5,33.3,44.8,20.7,7.7,3.8,17.2,22.7,100.9,NO
23,Miami Heat*,82,241.8,38.4,81.7,0.47,6.1,18,0.336,32.3,63.6,0.508,17.1,23,0.744,9.8,34.3,44.1,20.8,6.7,6.5,14.1,18.3,100,NO
24,Memphis Grizzlies*,82,241.8,36.8,83.6,0.44,6.1,18.5,0.331,30.7,65.1,0.471,19.3,24.7,0.783,11.2,30.5,41.6,20.7,8.8,4.3,13.3,21.7,99.1,NO
25,Milwaukee Bucks,82,241.8,38.4,82.2,0.467,5.4,15.6,0.345,33,66.6,0.495,17,22.7,0.747,10.5,31.2,41.7,23.1,8.2,5.8,15.2,20.7,99,NO
26,Brooklyn Nets,82,240.9,38.2,84.4,0.453,6.5,18.4,0.352,31.8,66,0.481,15.7,20.7,0.757,10.5,31.9,42.4,22.3,7.6,4,14.8,18,98.6,NO
27,New York Knicks,82,241.5,36.9,84,0.439,7.4,21.5,0.346,29.4,62.5,0.471,17.2,21.4,0.805,10.4,34,44.4,20.5,5.7,5.7,13.4,19.7,98.4,NO
28,Utah Jazz,82,243.4,36.1,80.4,0.449,8.5,23.9,0.355,27.6,56.5,0.488,17.1,23,0.744,10.7,32.5,43.2,19,7.7,5.2,14.9,20.2,97.7,NO
29,Philadelphia 76ers,82,241.5,36.2,84,0.431,9.3,27.5,0.339,26.9,56.5,0.476,15.7,22.6,0.694,9.5,31.8,41.2,21.5,8.3,6,16.4,21.7,97.4,NO
30,Los Angeles Lakers,82,240.6,35.1,84.8,0.414,7.8,24.6,0.317,27.3,60.2,0.454,19.3,24.7,0.781,10.7,32.3,43,18,7.2,4.1,13.7,20.3,97.3,NO
1,Golden State Warriors*,82,240.6,41.6,87,0.478,10.8,27,0.398,30.8,60,0.514,16,20.8,0.768,10.4,34.3,44.7,27.4,9.3,6,14.5,19.9,110,YES
2,Los Angeles Clippers*,82,240.6,39.4,83.3,0.473,10.1,26.9,0.376,29.3,56.4,0.519,17.9,25.2,0.71,9.6,33.1,42.6,24.8,7.8,5,12.3,21.3,106.7,NO
3,Dallas Mavericks*,82,242.4,39.7,85.8,0.463,8.9,25.4,0.352,30.8,60.4,0.509,16.9,22.5,0.752,10.5,31.8,42.3,22.5,8.1,4.5,13,20,105.2,NO
4,Toronto Raptors*,82,242.1,37.9,83.3,0.455,8.9,25.1,0.352,29,58.2,0.499,19.3,24.6,0.787,10.7,30.8,41.5,20.7,7.5,4.4,12.9,20.9,104,NO
5,Oklahoma City Thunder,82,241.8,38.8,86.8,0.447,7.7,22.7,0.339,31.1,64.1,0.486,18.6,24.6,0.754,12.8,34.7,47.5,20.5,7.3,5.5,14.7,22.3,104,NO
6,Houston Rockets*,82,241.5,37,83.3,0.444,11.4,32.7,0.348,25.6,50.6,0.506,18.6,26,0.715,11.7,32,43.7,22.2,9.5,5,16.7,22,103.9,YES
7,San Antonio Spurs*,82,243.4,39.1,83.6,0.468,8.3,22.5,0.367,30.9,61.1,0.505,16.7,21.4,0.78,9.8,33.8,43.6,24.4,8,5.4,14,19.1,103.2,NO
8,Cleveland Cavaliers*,82,241.2,37.7,82.2,0.458,10.1,27.5,0.367,27.6,54.7,0.504,17.7,23.6,0.751,11.1,31.9,43,22.1,7.4,4.1,14.3,18.4,103.1,YES
9,Portland Trail Blazers*,82,242.1,38.7,86,0.45,9.8,27.2,0.362,28.9,58.8,0.491,15.5,19.4,0.801,10.7,35.1,45.9,21.9,6.4,4.5,13.6,18.2,102.8,NO
10,Atlanta Hawks*,82,240.6,38.1,81.7,0.466,10,26.2,0.38,28.1,55.5,0.506,16.5,21.2,0.778,8.7,31.8,40.6,25.7,9.1,4.6,14.2,17.8,102.5,YES
11,Phoenix Suns,82,242.4,38.8,85.8,0.452,8.5,25,0.341,30.2,60.9,0.497,16.4,21.5,0.76,10.9,32.2,43.2,20.2,8.5,4.7,15.1,21.3,102.4,NO
12,Denver Nuggets,82,242.4,37.8,87.3,0.433,8,24.8,0.325,29.7,62.5,0.476,17.8,24.3,0.734,12.3,32.4,44.7,21.8,7.8,4.5,14.2,23,101.5,NO
13,Boston Celtics*,82,242.4,38.9,87.9,0.443,8,24.6,0.327,30.9,63.3,0.488,15.4,20.5,0.754,11.1,32.7,43.8,24.5,8.2,3.6,13.8,21.2,101.4,NO
14,Sacramento Kings,82,242.1,36.7,80.7,0.455,5.6,16.5,0.341,31.1,64.2,0.484,22.3,29.3,0.762,10.9,33.3,44.2,20.3,6.7,4,16.3,20.7,101.3,NO
15,Chicago Bulls*,82,242.4,36.6,82.9,0.442,7.9,22.3,0.353,28.7,60.6,0.474,19.7,25.2,0.783,11.7,34,45.7,21.7,6.3,5.8,14,18.2,100.8,NO
16,New Orleans Pelicans*,82,241.2,37.9,82.9,0.457,7.1,19.3,0.37,30.8,63.6,0.484,16.4,21.8,0.751,11.5,32,43.5,22,6.7,6.2,13.3,18.7,99.4,NO
17,Washington Wizards*,82,243.4,38.3,82.8,0.462,6.1,16.8,0.36,32.2,66,0.488,15.9,21.4,0.742,10.5,34.2,44.7,24,7.3,4.6,15,20.8,98.5,NO
18,Detroit Pistons,82,241.8,37.1,85.8,0.432,8.6,24.9,0.344,28.5,60.9,0.468,15.8,22.4,0.703,12.8,32.1,44.9,21.6,7.6,4.7,13.4,19,98.5,NO
19,Los Angeles Lakers,82,243,37.2,85.6,0.435,6.5,18.9,0.344,30.8,66.8,0.461,17.5,23.6,0.741,11.6,32.3,43.9,20.9,7,4.5,13.2,21.2,98.5,NO
20,Memphis Grizzlies*,82,242.7,37.8,82.5,0.458,5.2,15.2,0.339,32.6,67.3,0.485,17.6,22.8,0.773,10.4,32.1,42.6,21.7,8.5,4.2,13.3,19.1,98.3,NO
21,Brooklyn Nets*,82,243,37.4,83,0.451,6.6,19.9,0.331,30.8,63.1,0.489,16.6,22.2,0.748,10.3,32,42.4,20.9,7,4.1,13.8,19.3,98,NO
22,Milwaukee Bucks*,82,243,37.6,82,0.459,6.6,18.3,0.363,31,63.7,0.486,16,21.1,0.757,10.7,31.4,42.1,23.6,9.6,4.9,16.7,22.1,97.8,NO
23,Minnesota Timberwolves,82,241.5,36.4,83.2,0.438,5,14.9,0.332,31.5,68.3,0.461,20,25.7,0.776,11.6,29.3,40.9,21.6,8.1,4,15,19.2,97.8,NO
24,Indiana Pacers,82,242.1,36.6,83.2,0.439,7.5,21.2,0.352,29.1,62,0.469,16.7,22.2,0.756,10.4,34.4,44.9,21.4,6.2,4.6,14,21.2,97.3,NO
25,Orlando Magic,82,240.9,37.5,82.8,0.453,6.8,19.5,0.347,30.8,63.3,0.486,13.9,19.1,0.729,10,31.8,41.8,20.6,7.9,3.8,14.9,20.9,95.7,NO
26,Utah Jazz,82,240.3,35.4,79.2,0.447,7.4,21.7,0.343,27.9,57.5,0.486,17,23.5,0.721,12,31.9,44,19.9,7.6,6,15.3,19.3,95.1,NO
27,Miami Heat,82,240.6,35.2,77.2,0.456,6.8,20.2,0.335,28.4,57,0.499,17.5,23.7,0.741,9.1,30,39.1,19.8,7.8,4.5,14.8,20,94.7,NO
28,Charlotte Hornets,82,242.7,35.5,84.5,0.42,6.1,19.1,0.318,29.5,65.4,0.45,17,22.8,0.748,10,34.1,44.1,20.2,6.1,5.5,11.9,18.2,94.2,NO
29,Philadelphia 76ers,82,241.5,33.7,82.6,0.408,8.4,26.3,0.32,25.3,56.3,0.449,16.1,23.8,0.676,11.9,30.9,42.9,20.5,9.6,5.9,17.7,21.7,92,NO
30,New York Knicks,82,242.1,35.1,82,0.428,6.8,19.7,0.347,28.3,62.3,0.454,14.8,19.2,0.769,10.6,29.8,40.4,21.3,7,4.7,14.7,21.6,91.9,NO
1,Los Angeles Clippers*,82,240.9,39.1,82.5,0.474,8.5,24,0.352,30.7,58.5,0.525,21.2,29.1,0.73,10.5,32.5,43,24.6,8.6,4.8,13.9,21.5,107.9,NO
2,Houston Rockets*,82,241.8,38,80.5,0.472,9.5,26.6,0.358,28.5,54,0.529,22.1,31.1,0.712,11.2,34.1,45.3,21.4,7.6,5.6,16.1,20.4,107.7,NO
3,Minnesota Timberwolves,82,242.1,38.9,87.5,0.444,7.3,21.4,0.341,31.6,66.1,0.478,21.8,28.1,0.778,12.5,32.2,44.7,23.9,8.8,3.6,13.9,18.3,106.9,NO
4,Portland Trail Blazers*,82,242.1,39.1,87,0.45,9.4,25.3,0.372,29.7,61.7,0.481,19.1,23.5,0.815,12.5,34,46.4,23.2,5.5,4.7,13.7,19.2,106.7,NO
5,Oklahoma City Thunder*,82,241.5,39,82.7,0.471,8.1,22.4,0.361,30.9,60.3,0.512,20.2,25,0.806,10.8,33.9,44.7,21.9,8.3,6.1,15.3,22.7,106.2,YES
6,San Antonio Spurs*,82,240.9,40.6,83.5,0.486,8.5,21.4,0.397,32,62,0.517,15.7,20,0.785,9.3,34,43.3,25.2,7.4,5.1,14.4,18.2,105.4,YES
7,Phoenix Suns,82,240.9,38.7,83.5,0.463,9.3,25.1,0.372,29.4,58.4,0.503,18.5,24.4,0.758,11.3,31.7,43,19.1,8.4,4.6,15.3,21.9,105.2,NO
8,Dallas Mavericks*,82,241.8,39.6,83.6,0.474,8.8,22.9,0.384,30.8,60.7,0.508,16.8,21.1,0.795,10.2,30.7,40.9,23.6,8.6,4.3,13.5,20,104.8,NO
9,Denver Nuggets,82,240.9,38.4,85.9,0.447,8.6,23.9,0.358,29.8,62,0.481,19.1,26.3,0.726,12.3,33.1,45.4,22.4,7.5,5.6,15.9,23,104.4,NO
10,Golden State Warriors*,82,241.8,39.5,85.4,0.462,9.4,24.8,0.38,30,60.6,0.496,15.9,21.1,0.753,10.9,34.4,45.3,23.3,7.8,5,15.2,21.8,104.3,NO
11,Los Angeles Lakers,82,240.3,38.3,85.1,0.45,9.4,24.8,0.381,28.8,60.3,0.478,17,22.4,0.757,9.1,32,41,24.5,7.5,5.4,15.1,19.8,103,NO
12,Miami Heat*,82,242.4,38.3,76.5,0.501,8.1,22.3,0.364,30.2,54.2,0.558,17.5,23,0.76,7.6,29.2,36.9,22.5,8.9,4.5,14.8,19.5,102.2,YES
13,Toronto Raptors*,82,243.4,36.5,81.9,0.445,8.7,23.4,0.372,27.8,58.5,0.475,19.6,25.1,0.782,11.4,31.1,42.5,21.2,7,4.2,14.1,23,101.3,NO
14,Detroit Pistons,82,241.2,38.8,86.9,0.447,6.2,19.3,0.321,32.6,67.6,0.483,17.3,25.7,0.67,14.6,30.8,45.4,20.9,8.4,4.8,14.5,20.3,101,NO
15,Atlanta Hawks*,82,241.8,37.3,81.6,0.458,9.4,25.8,0.363,28,55.8,0.502,17,21.7,0.781,8.7,31.3,40,24.9,8.3,4,15.3,19.2,101,NO
16,Washington Wizards*,82,244.6,38.7,84.4,0.459,7.9,20.8,0.38,30.9,63.6,0.485,15.3,20.9,0.731,10.8,31.4,42.2,23.3,8.1,4.6,14.7,20.4,100.7,NO
17,Sacramento Kings,82,241.8,36.9,82.5,0.447,6,18,0.333,30.9,64.5,0.479,20.7,27.3,0.759,12.1,32.4,44.5,18.9,7.2,3.9,15.2,22.5,100.5,NO
18,New Orleans Pelicans,82,242.1,37.8,82.5,0.459,5.9,15.9,0.373,31.9,66.6,0.479,18.2,23.6,0.769,11.4,30.3,41.7,21.3,7.9,6.4,13.8,22.6,99.7,NO
19,Philadelphia 76ers,82,242.1,37.9,87.2,0.435,7,22.5,0.312,30.9,64.7,0.477,16.6,23.4,0.71,11.6,31.2,42.7,21.8,9.3,4,16.9,22.5,99.5,NO
20,New York Knicks,82,242.1,36.9,82.2,0.449,9.3,24.9,0.372,27.7,57.3,0.482,15.5,20.4,0.761,10.6,29.7,40.3,20,7.7,4.5,13,22.1,98.6,NO
21,Brooklyn Nets*,82,242.4,35.7,77.9,0.459,8.6,23.4,0.369,27.1,54.5,0.497,18.4,24.4,0.753,8.8,29.4,38.1,20.9,8.6,3.8,14.5,21.7,98.5,NO
22,Cleveland Cavaliers,82,243,37,84.8,0.437,7.1,20,0.356,29.9,64.8,0.461,17,22.7,0.751,12.1,32.1,44.1,21.2,7.1,3.7,14.2,20,98.2,NO
23,Charlotte Bobcats*,82,242.7,36.3,82.1,0.442,6.3,17.9,0.351,30,64.1,0.468,18,24.4,0.737,9.5,33.2,42.7,21.7,6.1,5.1,12.3,18.2,96.9,NO
24,Indiana Pacers*,82,241.2,36,80.2,0.449,6.7,18.8,0.357,29.3,61.4,0.477,18.1,23.3,0.779,10.2,34.5,44.7,20.1,6.7,5.4,15.1,20.4,96.7,YES
25,Orlando Magic,82,243.4,36.9,82.7,0.445,6.9,19.5,0.353,30,63.3,0.474,15.9,20.9,0.763,9.7,32.4,42,21,7.7,4.3,14.9,20.5,96.5,NO
26,Boston Celtics,82,240.6,36.5,83.9,0.435,7,21.1,0.333,29.5,62.9,0.47,16.2,20.8,0.777,12,30.5,42.5,21,7.1,4.2,15.4,21.3,96.2,NO
27,Memphis Grizzlies*,82,241.5,38.1,82,0.464,4.9,14,0.353,33.1,68,0.487,15.1,20.3,0.741,11.6,30.8,42.4,21.9,7.7,4.6,13.7,19.1,96.1,NO
28,Milwaukee Bucks,82,242.4,36,82.2,0.438,6.7,18.9,0.353,29.3,63.2,0.464,16.8,22.5,0.747,11.8,29.3,41.1,21.5,6.6,4.9,15.1,20.9,95.5,NO
29,Utah Jazz,82,241.2,36,81.1,0.444,6.6,19.2,0.344,29.4,61.9,0.474,16.4,22,0.747,11,30.2,41.2,20.3,7,4.5,14.6,20.7,95,NO
30,Chicago Bulls*,82,243,34.7,80.2,0.432,6.2,17.8,0.348,28.5,62.4,0.456,18.1,23.3,0.779,11.4,32.7,44.1,22.7,7.2,5.2,14.9,19.1,93.7,NO
1,Denver Nuggets*,82,242.7,40.7,85.2,0.478,6.4,18.5,0.343,34.4,66.6,0.516,18.4,26.2,0.701,13.3,31.7,45,24.4,9.3,6.5,15.3,20.5,106.1,NO
2,Houston Rockets*,82,241.2,38.1,82.7,0.461,10.6,28.9,0.366,27.5,53.8,0.511,19.2,25.5,0.754,11.1,32.3,43.4,23.2,8.3,4.4,16.4,20.3,106,NO
3,Oklahoma City Thunder*,82,241.8,38.1,79.3,0.481,7.3,19.4,0.377,30.8,60,0.514,22.2,26.8,0.828,10.4,33.2,43.6,21.4,8.3,7.6,15.3,20.2,105.7,NO
4,San Antonio Spurs*,82,242.4,39.1,81.4,0.481,8.1,21.5,0.376,31.1,59.9,0.519,16.6,21,0.791,8.1,33.2,41.3,25.1,8.5,5.4,14.7,17.4,103,YES
5,Miami Heat*,82,242.4,38.4,77.4,0.496,8.7,22.1,0.396,29.6,55.4,0.536,17.4,23,0.754,8.2,30.4,38.6,23,8.7,5.4,13.9,18.7,102.9,YES
6,Los Angeles Lakers*,82,240.9,37.1,81,0.458,8.7,24.6,0.355,28.4,56.4,0.503,19.3,27.9,0.692,11.5,33.3,44.8,22.2,7,5.2,15,17.9,102.2,NO
7,Golden State Warriors*,82,241.5,38.2,83.4,0.458,8,19.9,0.403,30.1,63.5,0.475,16.8,21.3,0.79,10.8,34.2,45,22.5,6.9,4.2,15.1,21.4,101.2,NO
8,Dallas Mavericks,82,243.7,38.8,84,0.462,7.4,19.9,0.372,31.4,64.2,0.489,16.1,20.4,0.793,9.4,32.6,41.9,23.2,7.9,5.5,14,20.7,101.1,NO
9,Los Angeles Clippers*,82,240.6,38.5,80.6,0.478,7.6,21.4,0.358,30.9,59.2,0.522,16.4,23,0.711,11.4,30.2,41.6,23.9,9.6,5.6,14.6,20.9,101.1,NO
10,Sacramento Kings,82,241.8,37.6,84.2,0.447,7.4,20.5,0.363,30.2,63.7,0.474,17.5,22.8,0.769,11.5,29.1,40.6,20.8,8.2,4.2,14.6,20.9,100.2,NO
11,New York Knicks*,82,240.6,36.5,81.6,0.448,10.9,28.9,0.376,25.7,52.7,0.487,16,21.1,0.759,10.9,29.7,40.6,19.3,8.2,3.6,12,20.1,100,NO
12,Milwaukee Bucks*,82,241.8,38.1,87.8,0.435,7.3,20.4,0.36,30.8,67.4,0.457,15.3,20.7,0.736,13,30.9,44,22.9,8.4,6.7,14.1,19,98.9,NO
13,Utah Jazz,82,242.4,37.1,81.8,0.454,6.2,16.9,0.366,31,64.9,0.477,17.5,23,0.764,12.1,30,42,22.7,8.4,6.3,14.8,21.3,98,NO
14,Atlanta Hawks*,82,242.1,37.6,81,0.464,8.6,23.2,0.371,29,57.8,0.501,14.1,19.7,0.715,9.2,31.6,40.9,24.5,8.1,4.5,14.9,18,98,NO
15,Portland Trail Blazers,82,242.1,36.7,81.9,0.448,8.2,23.2,0.353,28.5,58.7,0.486,15.9,20.5,0.776,10.7,30.2,40.8,21.8,6.6,4.3,14.7,18.5,97.5,NO
16,Toronto Raptors,82,243.7,36.3,81.5,0.446,7,20.3,0.343,29.4,61.2,0.48,17.6,22.3,0.788,10.6,29.6,40.2,21.5,7.3,4.8,13.7,22.4,97.2,NO
17,Brooklyn Nets*,82,242.1,35.9,79.8,0.45,7.7,21.5,0.357,28.2,58.3,0.484,17.5,23.9,0.731,12.8,30,42.8,20.3,7.3,4.8,14.7,18.3,96.9,NO
18,Cleveland Cavaliers,82,240.6,36.5,84.2,0.434,6.7,19.3,0.346,29.8,64.9,0.46,16.8,22.3,0.756,12.2,28.8,41,20.7,7.9,4.1,14,21.2,96.5,NO
19,Minnesota Timberwolves,82,240.6,35.9,81.7,0.439,5.5,18,0.305,30.4,63.7,0.477,18.5,24.9,0.742,11.9,30.2,42,22.4,8.5,4.7,14.8,18.4,95.7,NO
20,Boston Celtics*,81,244.9,37,79.7,0.465,6.1,17.2,0.358,30.9,62.6,0.494,16.3,21,0.776,8.1,31.3,39.3,22.8,8.2,4.5,14.6,21.2,96.5,NO
21,Phoenix Suns,82,241.5,37.3,84.4,0.443,5.9,17.7,0.33,31.5,66.6,0.473,14.7,19.7,0.744,11.7,29.9,41.6,22.6,8,5.3,15.6,20.6,95.2,NO
22,Detroit Pistons,82,241.5,36.3,81,0.449,6.3,17.6,0.356,30.1,63.4,0.474,15.9,22.8,0.699,12.1,30,42.1,21.2,7,4.9,15.1,19.8,94.9,NO
23,Orlando Magic,82,241.2,37.7,84.2,0.448,6.2,18.7,0.329,31.5,65.5,0.482,12.5,16.6,0.755,10.9,31.9,42.7,22.8,6.4,4.4,14.5,19.4,94.1,NO
24,New Orleans Hornets,82,241.2,36,80.4,0.448,6.5,18,0.363,29.5,62.4,0.473,15.5,20,0.776,12,29.6,41.6,21,6.3,5.4,14.5,20.4,94.1,NO
25,Indiana Pacers*,81,241.9,35.1,80.6,0.436,6.9,19.7,0.347,28.3,60.8,0.465,17.6,23.6,0.746,12.9,33,45.9,20.3,7.2,6.3,15.1,20,94.7,YES
26,Charlotte Bobcats,82,241.5,34.4,81.1,0.425,5.7,17.1,0.335,28.7,64,0.448,18.9,25.1,0.75,11.2,29.1,40.3,19.4,7.2,5.8,14.1,19,93.4,NO
27,Memphis Grizzlies*,82,241.5,36.1,81.5,0.444,4.7,13.5,0.345,31.5,68,0.463,16.5,21.3,0.773,12.9,29.8,42.7,20.9,8.6,5.3,14,20.2,93.4,YES
28,Washington Wizards,82,242.1,35.5,81.6,0.435,6.6,18.2,0.365,28.8,63.4,0.455,15.6,21.3,0.733,10.8,32.3,43.2,21.6,7.3,4.6,15.1,20.5,93.2,NO
29,Chicago Bulls*,82,241.8,35.7,81.7,0.437,5.4,15.4,0.353,30.2,66.3,0.456,16.4,21.2,0.773,12.5,30.7,43.2,23,7.2,5.1,14.3,19.7,93.2,NO
30,Philadelphia 76ers,82,240.9,37.3,84.1,0.444,6.3,17.5,0.36,31,66.5,0.466,12.2,16.8,0.729,10.9,30.4,41.3,22.8,7.4,4.7,13,18.4,93.2,NO
1,Denver Nuggets*,66,243,39,81.9,0.476,6.6,19.9,0.332,32.4,62,0.522,19.6,26.7,0.735,11.2,31.9,43.1,24,8.2,5,15.4,19.7,104.1,NO
2,San Antonio Spurs*,66,241.5,39.6,82.8,0.478,8.4,21.3,0.393,31.2,61.5,0.507,16.2,21.6,0.748,10.3,32.6,43,23.2,7.4,4.4,13.6,17.3,103.7,YES
3,Oklahoma City Thunder*,66,242.3,37.3,79.2,0.471,7.2,20,0.358,30.2,59.3,0.509,21.3,26.4,0.806,11,32.7,43.7,18.5,7.5,8.2,16.3,20.5,103.1,YES
4,Utah Jazz*,66,244.9,38.2,83.8,0.456,4.1,12.8,0.323,34.1,71,0.48,19.1,25.3,0.754,13,31.1,44.2,21.8,8.3,5.8,14.2,21.8,99.7,NO
5,Milwaukee Bucks,66,240.4,37.9,85.6,0.443,6.6,19.2,0.345,31.3,66.5,0.471,16.6,21.4,0.774,12.4,30,42.5,23.5,8.3,5.1,14.1,19.3,99,NO
6,Sacramento Kings,66,241.1,37.7,86.5,0.436,6.2,19.7,0.316,31.5,66.8,0.471,17.1,23.2,0.736,13.4,29.5,42.9,19.3,8.5,4.9,14.4,19.5,98.8,NO
7,Miami Heat*,66,243,37.1,79,0.469,5.6,15.6,0.359,31.5,63.4,0.496,18.8,24.2,0.775,10.4,31.2,41.6,20,8.9,5.4,15.2,19.4,98.5,YES
8,Phoenix Suns,66,240,37.8,82.5,0.458,6.7,19.6,0.343,31.1,62.9,0.494,16,21.2,0.757,10.9,30.8,41.7,22.5,6.5,5.5,14.1,18.7,98.4,NO
9,Houston Rockets,66,243.4,37.7,84,0.449,7.2,20.2,0.359,30.5,63.8,0.477,15.4,19.7,0.782,11.7,30.5,42.2,21.3,7.5,4.8,14.5,20.4,98.1,NO
10,Minnesota Timberwolves,66,241.5,35.7,82.3,0.433,7.2,21.6,0.332,28.5,60.8,0.469,19.4,25.2,0.771,12.1,31.7,43.7,19.5,6.6,4.4,15.2,18.4,97.9,NO
11,New York Knicks*,66,241.5,35.8,80.8,0.443,7.8,23.3,0.336,28,57.5,0.487,18.3,24.8,0.741,11.3,30.5,41.7,20.1,9.4,4.2,16,21.1,97.8,NO
12,Golden State Warriors,66,241.1,37.7,82.5,0.457,7.9,20.5,0.388,29.8,62,0.48,14.4,18.7,0.77,9.7,29.5,39.2,22.3,8,5.5,13.9,21.4,97.8,NO
13,Indiana Pacers*,66,242.3,35.7,81.4,0.438,5.9,16.1,0.368,29.7,65.3,0.455,20.4,26.1,0.782,12.5,31.4,43.9,18.6,7.9,5.4,14,21.7,97.7,NO
14,Los Angeles Clippers*,66,241.9,37,81.3,0.455,7.8,21.8,0.357,29.2,59.5,0.49,15.8,23.3,0.68,12.1,29.4,41.6,21,8.4,4.8,13.3,21.2,97.5,NO
15,Los Angeles Lakers*,66,243.4,36.8,80.6,0.457,5.5,16.8,0.326,31.3,63.7,0.491,18.2,24.1,0.756,12.1,34.1,46.2,22.5,5.9,5.3,15.1,16.8,97.3,NO
16,Portland Trail Blazers,66,241.9,36.4,82.1,0.443,7.2,20.9,0.346,29.2,61.1,0.477,17.2,21.6,0.796,11.1,29.5,40.7,20.4,8,4.9,14.2,19,97.2,NO
17,Atlanta Hawks*,66,244.9,36.8,81,0.454,7.5,20.2,0.37,29.3,60.9,0.482,15.5,21,0.74,9.9,31.3,41.2,22.4,8.1,4.6,14,17.8,96.6,NO
18,Chicago Bulls*,66,241.5,37.4,82.8,0.452,6.3,16.9,0.375,31,65.8,0.471,15.2,21.1,0.722,13.9,32.8,46.7,23.1,6.9,5.9,14,17.3,96.3,NO
19,Dallas Mavericks*,66,243.4,36.3,82,0.443,7.5,22.2,0.339,28.8,59.8,0.482,15.6,20.2,0.771,10.1,32.7,42.8,20.9,8.6,5.1,14,18.6,95.8,NO
20,Memphis Grizzlies*,66,241.5,36.7,82.2,0.447,4.2,12.9,0.326,32.5,69.3,0.47,17.3,22.8,0.759,12.6,29.5,42,19.5,9.6,5.2,14.5,19.9,95,NO
21,Orlando Magic*,66,241.9,34.5,78.2,0.441,10.2,27,0.375,24.3,51.2,0.475,15.1,22.8,0.66,11.2,31.2,42.5,20,6.8,4.2,14.9,17.7,94.2,NO
22,Washington Wizards,66,240.4,36.6,83,0.441,5.2,16.3,0.32,31.4,66.7,0.47,15.3,21,0.727,11.7,29.9,41.7,19.1,8,6.3,15.3,21.3,93.6,NO
23,Philadelphia 76ers*,66,241.1,37.4,83.6,0.448,5.3,14.6,0.362,32.2,69,0.466,13.5,18.2,0.742,10.7,32.5,43.2,22,8,5.2,11.2,17.5,93.6,NO
24,New Jersey Nets,66,240.8,34.3,80.6,0.425,7.7,22.4,0.342,26.6,58.2,0.457,16.9,21.7,0.777,11.9,28.5,40.3,19.9,7.5,3.9,15.1,19.2,93.1,NO
25,Cleveland Cavaliers,66,241.9,34.3,81.2,0.422,6.7,19.3,0.346,27.6,61.9,0.446,17.8,24.9,0.716,12.7,29.5,42.3,19.8,7.1,4,15.4,20,93,NO
26,Boston Celtics*,66,241.5,35.5,77.1,0.46,5.5,15,0.367,30,62.1,0.483,15.4,19.8,0.778,7.7,31.1,38.8,23.6,7.5,5.5,14.8,19.9,91.8,YES
27,Detroit Pistons,66,241.9,34.7,79.3,0.438,4.8,13.9,0.346,29.9,65.4,0.457,16.6,22.1,0.752,11.7,28.5,40.3,18.7,7,4.2,15.7,19.6,90.9,NO
28,Toronto Raptors,66,241.9,34.4,78.1,0.44,5.5,16.3,0.34,28.8,61.8,0.467,16.4,21.4,0.77,10.6,31.4,42,20.9,6.5,4.9,15.2,23.2,90.7,NO
29,New Orleans Hornets,66,241.5,34.8,77.3,0.451,3.9,11.8,0.333,30.9,65.5,0.472,16,21.2,0.757,11,30.2,41.1,20.7,7.4,4.8,15.5,20.1,89.6,NO
30,Charlotte Bobcats,66,240.8,33.2,80.2,0.414,4,13.5,0.295,29.2,66.7,0.439,16.5,22.2,0.746,10.3,28.7,39,20.1,6,5.5,14.5,18.9,87,NO
1,Denver Nuggets*,82,240.3,38.4,80.6,0.476,8.1,20.8,0.388,30.3,59.9,0.506,22.7,29.6,0.765,9.6,32.3,42,22.1,7.4,4.3,14.1,21,107.5,NO
2,New York Knicks*,82,241.2,38.3,83.7,0.457,9.3,25.4,0.368,29,58.4,0.496,20.6,25.5,0.809,10.3,30.1,40.5,21.4,7.6,5.8,13.7,21.3,106.5,NO
3,Houston Rockets,82,242.4,38.7,85.1,0.454,8.3,22.5,0.367,30.4,62.6,0.486,20.3,25.4,0.801,11.7,31.1,42.8,23.8,7.1,4.5,13.5,20,105.9,NO
4,Phoenix Suns,82,244,39.3,83.5,0.47,8.5,22.6,0.377,30.7,60.8,0.505,18,23.6,0.759,10,30.2,40.2,23.7,6.6,4.4,14.3,20.3,105,NO
5,Oklahoma City Thunder*,82,244,37.4,80.6,0.464,5.9,17.1,0.347,31.5,63.5,0.495,24.1,29.3,0.823,11,31.8,42.8,20.4,8,5.9,14.1,22.4,104.8,YES
6,San Antonio Spurs*,82,241.2,38.4,80.8,0.475,8.4,21.1,0.397,30,59.8,0.503,18.5,24.2,0.767,10.1,31.7,41.9,22.4,7.3,4.5,13.4,19,103.7,NO
7,Golden State Warriors,82,241.8,39.6,85.9,0.461,8.4,21.3,0.392,31.3,64.6,0.484,15.7,20.7,0.761,11.6,28.9,40.5,22.5,9,5,14.6,22,103.4,NO
8,Miami Heat*,82,241.2,37,76.8,0.481,6.7,18,0.37,30.3,58.8,0.515,21.5,27.9,0.769,9.6,32.5,42.1,20,6.6,5.2,13.9,20.4,102.1,YES
9,Los Angeles Lakers*,82,241.8,38.1,82.4,0.463,6.4,18.1,0.352,31.8,64.3,0.494,18.8,24.1,0.779,12.1,31.9,44,22,7.3,5.1,13.1,19,101.5,NO
10,Minnesota Timberwolves,82,241.2,37.7,85.5,0.441,7.2,19.1,0.376,30.5,66.5,0.459,18.5,24.1,0.768,13.2,31.2,44.4,20.1,7.2,5.1,17,22.3,101.1,NO
11,Dallas Mavericks*,82,240.3,37.4,78.8,0.475,7.9,21.6,0.365,29.6,57.3,0.516,17.5,22.6,0.777,9.5,31.9,41.4,23.8,6.8,4.3,14,19.2,100.2,YES
12,Memphis Grizzlies*,82,242.4,39,82.9,0.471,3.8,11.3,0.334,35.3,71.6,0.492,18.1,24.2,0.75,11.8,29.2,41,20.6,9.4,5.4,14,20.8,99.9,NO
13,Indiana Pacers*,82,241.2,36.6,82.8,0.442,7.1,20.2,0.354,29.5,62.6,0.471,19.4,24.8,0.782,11.1,32.4,43.5,19.6,7.1,5.6,15.4,21.7,99.8,NO
14,Utah Jazz,82,242.4,37.4,80.4,0.465,5.3,15.3,0.346,32.1,65,0.493,19.4,25.1,0.771,11,28.5,39.5,23.4,7.7,5.9,14.3,22.7,99.4,NO
15,Sacramento Kings,82,242.1,38.2,85.1,0.449,5.2,15.6,0.335,33,69.5,0.475,17.7,24.2,0.734,13.1,30.8,43.9,20.4,7.4,4.8,16.1,22,99.4,NO
16,Orlando Magic*,82,241.8,36,78.2,0.461,9.4,25.6,0.366,26.7,52.5,0.507,17.7,25.6,0.692,10.5,32.7,43.2,20,6.7,4.7,14.9,20,99.2,NO
17,Toronto Raptors,82,241.2,38.3,82.4,0.465,4.2,13.3,0.316,34.1,69.1,0.494,18.2,24.1,0.755,11.7,28.6,40.3,21.9,7.1,4.3,14.7,22,99.1,NO
18,Philadelphia 76ers*,82,243,38.1,82.6,0.461,5.4,15.2,0.355,32.7,67.4,0.485,17.4,22.6,0.77,10.4,31.4,41.8,22.7,7.6,4.3,13,19.4,99,NO
19,Los Angeles Clippers,82,242.1,36.8,80.4,0.457,6.3,18.5,0.338,30.5,61.9,0.493,18.9,26.7,0.707,11.6,30.5,42.1,22.1,7.1,4.9,16.4,21.1,98.6,NO
20,Chicago Bulls*,82,241.8,37.1,80.3,0.462,6.2,17.3,0.361,30.9,63.1,0.489,18.2,24.5,0.743,11.8,32.4,44.2,22.3,7.2,5.7,14.2,20,98.6,YES
21,Washington Wizards,82,243,37.2,84,0.443,4.8,14.4,0.332,32.4,69.6,0.465,18.2,24.4,0.745,12.4,29,41.3,19.4,8.1,6.1,15.3,22.6,97.3,NO
22,Detroit Pistons,82,242.4,37.3,81.1,0.46,5.8,15.3,0.376,31.5,65.7,0.479,16.7,22.6,0.737,11.4,27.3,38.6,21.1,7.3,4,13,19.9,97,NO
23,Boston Celtics*,82,241.2,36.9,75.8,0.486,5,13.6,0.365,31.9,62.2,0.513,17.8,23.1,0.77,7.8,31,38.8,23.4,8.2,4.2,14.6,20.5,96.5,NO
24,Portland Trail Blazers*,82,241.5,36,80.5,0.447,6.3,18.3,0.345,29.7,62.1,0.477,18,22.4,0.804,12.1,27.2,39.3,21.2,8,4.4,13,19.3,96.3,NO
25,Cleveland Cavaliers,82,240.9,35.2,81.1,0.434,6.2,18.2,0.342,29,62.9,0.461,18.9,25.3,0.745,10.4,29.9,40.3,21,6.6,4.2,14.2,20.1,95.5,NO
26,Atlanta Hawks*,82,240.6,36.2,78.4,0.462,6.1,17.4,0.352,30.1,61,0.494,16.4,21.1,0.779,9.3,30,39.3,22,6.1,4.2,13.6,19,95,NO
27,New Orleans Hornets*,82,241.8,35.9,78.2,0.459,5.4,15,0.36,30.5,63.2,0.482,17.7,23.1,0.765,10,30.1,40.1,20.6,7.6,4.4,13,21,94.9,NO
28,New Jersey Nets,82,244,35.6,81,0.44,5.6,16.3,0.343,30,64.6,0.464,17.4,22.9,0.759,11.1,29.8,40.8,21,5.6,4.7,14,22,94.2,NO
29,Charlotte Bobcats,82,241.5,35,77.6,0.451,4.8,14.7,0.327,30.2,63,0.48,18.4,24.4,0.756,10.3,29.8,40.1,21.1,6.4,5.3,14.5,20,93.3,NO
30,Milwaukee Bucks,82,241.8,34.3,79.8,0.43,5.9,17.2,0.342,28.4,62.6,0.454,17.4,22.9,0.757,10.5,30.2,40.8,18.8,7.5,4.9,13.5,20.5,91.9,NO
1,Phoenix Suns*,82,240.6,40.7,82.8,0.492,8.9,21.6,0.412,31.8,61.2,0.52,19.9,25.8,0.77,11.1,31.9,43,23.3,5.8,5.1,14.8,20.9,110.2,YES
2,Golden State Warriors,82,240.6,40.6,86.5,0.469,7.7,20.6,0.375,32.9,65.9,0.499,19.9,25.4,0.782,9.2,29.2,38.4,22.4,9.3,4.1,14.7,23,108.8,NO
3,Denver Nuggets*,82,241.2,38.1,81.4,0.468,6.6,18.5,0.359,31.5,62.9,0.5,23.6,30.6,0.772,10.8,30.5,41.4,21,8.3,5.1,13.9,22.5,106.5,NO
4,Utah Jazz*,82,240.9,39.4,80.2,0.491,5.4,14.7,0.364,34,65.5,0.519,20.2,27.2,0.741,10.6,31.6,42.2,26.7,8.2,4.9,15.2,22.7,104.2,NO
5,Toronto Raptors,82,241.2,39,80.9,0.482,6.3,17,0.371,32.7,63.8,0.512,19.7,25.8,0.764,9.8,30.6,40.4,22,5.7,4.7,13.4,22.2,104.1,NO
6,Orlando Magic*,82,240.6,36.6,78,0.47,10.3,27.3,0.375,26.4,50.6,0.521,19.2,26.5,0.724,9.9,33.4,43.2,19.7,6.2,5.6,14.1,19.9,102.8,YES
7,Memphis Grizzlies,82,242.7,39.3,83.8,0.469,4.2,12.4,0.337,35.1,71.4,0.492,19.7,26.9,0.733,13,30.4,43.5,18.8,7.9,4.9,15.2,20.2,102.5,NO
8,Houston Rockets,82,242.7,37.7,84.4,0.447,7.9,22.4,0.351,29.9,62,0.481,19,24.7,0.772,11.8,30.1,42,21.8,7.1,3.9,14.5,20.9,102.4,NO
9,Cleveland Cavaliers*,82,241.2,37.8,77.9,0.485,7.3,19.3,0.381,30.5,58.6,0.52,19.1,26.6,0.72,9.6,32.8,42.5,22.4,6.9,5.2,13.9,19.4,102.1,NO
10,New York Knicks,82,242.4,38.1,83.9,0.455,9.1,26.2,0.346,29.1,57.7,0.504,16.8,21.5,0.782,10.2,30.2,40.4,21.6,7.1,3.7,14,20,102.1,NO
11,Dallas Mavericks*,82,242.4,38.3,82.4,0.464,6.8,18.3,0.372,31.5,64.2,0.491,18.6,22.8,0.816,10.2,31.5,41.7,23.4,7.6,5.5,12.9,19.1,102,NO
12,Los Angeles Lakers*,82,241.8,38.3,83.8,0.457,6.5,19,0.341,31.9,64.8,0.492,18.5,24.2,0.765,11.9,32.5,44.3,21.1,7.5,4.9,13.4,19.4,101.7,YES
13,Atlanta Hawks*,82,242.1,38.8,82.9,0.468,6.4,17.7,0.36,32.4,65.2,0.497,17.7,23.3,0.759,11.8,29.9,41.7,21.8,7.2,5,12,19.9,101.7,NO
14,Oklahoma City Thunder*,82,241.5,37.4,80.8,0.462,5.1,15,0.34,32.3,65.9,0.49,21.7,27,0.805,11.7,31.8,43.5,20,8,5.9,15,21.3,101.5,NO
15,San Antonio Spurs*,82,241.2,38.4,81.2,0.473,6.8,18.9,0.358,31.7,62.3,0.508,17.8,24,0.74,10.8,32,42.8,22.3,6.3,4.6,13.6,20.4,101.4,NO
16,Indiana Pacers,82,240.3,36.8,83.2,0.443,8,23.1,0.348,28.8,60.1,0.479,19.1,24.6,0.775,9.6,31.9,41.5,21.1,7.1,5.4,15,22.5,100.8,NO
17,New Orleans Hornets,82,241.8,38.8,83.4,0.464,7,19.2,0.363,31.8,64.3,0.495,15.8,20.3,0.778,10.4,29.9,40.3,22.3,7.6,3.7,13.5,19.6,100.2,NO
18,Sacramento Kings,82,242.4,38.3,84.1,0.456,5.9,16.9,0.349,32.5,67.2,0.483,17.4,24,0.726,11.9,30.7,42.6,20.5,6.9,4.5,15,22.3,100,NO
19,Boston Celtics*,82,241.2,37.1,76.8,0.483,6.1,17.5,0.348,31,59.3,0.523,19,25.5,0.746,8.7,29.9,38.6,23.5,8.5,4.9,14.9,22.1,99.2,YES
20,Minnesota Timberwolves,82,241.2,37.9,84.4,0.449,4.9,14.4,0.341,33,70,0.471,17.5,23.5,0.746,11.7,31.2,42.9,19.8,7.3,3.7,16.3,20.7,98.2,NO
21,Portland Trail Blazers*,82,242.1,36.3,78.7,0.461,6,16.9,0.354,30.3,61.8,0.49,19.6,24.8,0.79,11.1,29.1,40.2,20.4,6.4,4.3,12.3,20.9,98.1,NO
22,Philadelphia 76ers,82,241.5,37.6,81.8,0.46,5.8,16.8,0.343,31.9,64.9,0.491,16.7,22,0.756,11.5,29.5,41,21,8.1,5.4,14.5,20.5,97.7,NO
23,Milwaukee Bucks*,82,243.7,37.2,85.3,0.436,7.9,22.1,0.356,29.3,63.2,0.464,15.4,20.4,0.755,11.8,31.2,43,21.2,7.1,4.7,13.2,22.2,97.7,NO
24,Chicago Bulls*,82,242.7,37.6,83.2,0.451,4.3,13,0.33,33.3,70.2,0.474,18,23.9,0.754,11.4,33.1,44.5,20.8,6.5,5.8,14.3,20.1,97.5,NO
25,Miami Heat*,82,242.4,36.4,79.5,0.458,6,17.4,0.346,30.4,62.1,0.489,17.7,23.5,0.752,10.7,31.1,41.8,18.9,7.4,5.6,13.2,20.9,96.5,NO
26,Washington Wizards,82,241.8,36.7,81.7,0.449,5.3,14.9,0.353,31.4,66.8,0.471,17.6,23.1,0.762,11.8,30,41.8,19,6,5.1,14.9,21.4,96.2,NO
27,Los Angeles Clippers,82,240.3,36.6,80.5,0.455,5.9,17.8,0.332,30.7,62.7,0.49,16.6,22.8,0.73,11.3,30.5,41.8,22.1,6.5,5.7,15.7,19.3,95.7,NO
28,Charlotte Bobcats*,82,242.4,34.9,76.9,0.453,5.6,16.2,0.346,29.2,60.7,0.482,20,26.6,0.751,10.5,30.4,40.8,20.2,7.7,5.4,15.7,19.5,95.3,NO
29,Detroit Pistons,82,241.2,35.9,80.5,0.445,4.6,14.5,0.314,31.3,66,0.474,17.7,24.4,0.728,12.8,27.3,40.2,19.4,7.3,3.8,13.4,22.2,94,NO
30,New Jersey Nets,82,241.2,34.3,79.9,0.429,4.6,14.5,0.318,29.7,65.5,0.454,19.2,24.6,0.78,10.9,28.8,39.7,18.8,7,4.8,14.4,20,93,NO
08-09...1,Phoenix Suns,82,240.9,41.1,81.6,0.504,6.7,17.6,0.383,34.4,64,0.537,20.4,27.5,0.744,11,30.7,41.7,23.2,7.2,5.1,15.7,20.6,109.4,NO
2,Golden State Warriors,82,242.4,39.4,86,0.458,6.7,18,0.373,32.7,68,0.48,23.1,29.2,0.791,11.6,30.4,42,20.9,7.8,6.4,14.6,22.5,108.6,NO
3,Los Angeles Lakers*,82,241.2,40.3,85.1,0.474,6.7,18.5,0.361,33.7,66.6,0.505,19.6,25.5,0.77,12.4,31.5,43.9,23.3,8.8,5.1,13.5,20.7,106.9,YES
4,New York Knicks,82,241.5,38.5,86.5,0.445,10,27.9,0.36,28.5,58.6,0.486,18.2,23.2,0.784,11.1,31,42.1,21.2,7.4,2.5,14.3,20.4,105.2,NO
5,Indiana Pacers,82,241.8,39.3,86.3,0.455,8,21,0.378,31.3,65.3,0.48,18.6,23,0.807,11.3,32.5,43.7,21.6,7,5.3,14.5,23.1,105.1,NO
6,Denver Nuggets*,82,240.6,37.3,79.4,0.47,6.7,18,0.371,30.6,61.4,0.499,23.1,30.3,0.76,11,30.6,41.6,22.2,8.7,6,15.3,22.9,104.3,YES
7,Utah Jazz*,82,242.4,38.3,80.8,0.475,4.8,13.7,0.349,33.5,67.1,0.5,22.1,28.7,0.771,11.5,29.5,41,24.7,8.8,4.6,14.8,22.3,103.6,NO
8,Chicago Bulls*,82,243,38.1,83.5,0.457,6,15.8,0.381,32.1,67.7,0.474,19.9,25,0.796,11.8,30.3,42.1,21.1,7.5,5.5,14.5,20.8,102.2,NO
9,Dallas Mavericks*,82,241.5,38.1,82.6,0.462,7,19.9,0.35,31.2,62.7,0.498,18.5,22.6,0.819,11.1,31.6,42.7,21.7,7.2,5.2,12.7,19.5,101.7,NO
10,Orlando Magic*,82,240.6,35.7,78.2,0.457,10,26.2,0.381,25.8,52.1,0.495,19.6,27.5,0.715,10,33.3,43.3,19.4,7,5.4,13.9,20.3,101,YES
11,Boston Celtics*,82,242.4,37.5,77.2,0.486,6.6,16.5,0.397,30.9,60.7,0.51,19.4,25.3,0.765,10.6,31.5,42.1,22.7,7.6,4.7,15.6,23.1,100.9,NO
12,Sacramento Kings,82,242.7,36.5,81.5,0.447,7.1,19.4,0.368,29.3,62.1,0.472,20.5,25.7,0.798,10.2,28.9,39.1,19.7,6.9,4.3,15.4,23.3,100.6,NO
13,Cleveland Cavaliers*,82,241.2,36.9,78.7,0.468,8,20.4,0.393,28.9,58.3,0.495,18.6,24.5,0.757,10.8,31.4,42.2,20.3,7.2,5.3,12.7,20.3,100.3,YES
14,Portland Trail Blazers*,82,241.8,36.8,79.2,0.465,7.3,19,0.383,29.5,60.2,0.49,18.5,24.2,0.765,12.9,28.8,41.7,20.3,6.7,4.9,12.9,20.4,99.4,NO
15,Milwaukee Bucks,82,241.2,36.7,82.4,0.445,6.2,17.2,0.363,30.5,65.2,0.467,19.7,25.2,0.78,11.9,28.9,40.7,22,7.4,3.8,14.1,24.2,99.3,NO
16,Toronto Raptors,82,241.5,37.2,81.4,0.458,5.8,15.7,0.372,31.4,65.7,0.478,18.7,22.7,0.824,9.8,30.6,40.4,22.4,6.4,4.8,13.4,19.4,99,NO
17,Houston Rockets*,82,241.5,36.1,79.6,0.453,7.6,20.2,0.375,28.5,59.4,0.48,18.7,23.2,0.805,10.5,32.5,43,20.3,6.7,4.3,14.1,18.9,98.4,NO
18,Miami Heat*,82,243.4,37,81,0.457,7.1,19.9,0.357,29.9,61.2,0.489,17.2,22.8,0.754,10.1,29.4,39.5,20.4,7.9,5.5,12.5,20.7,98.3,NO
19,Atlanta Hawks*,82,240.3,36,78.7,0.458,7.3,19.9,0.366,28.8,58.8,0.49,18.7,25.4,0.737,10.6,29.4,40,20.2,7.4,4.6,12.8,19.6,98.1,NO
20,New Jersey Nets,82,241.8,35.7,79.7,0.448,8,21.2,0.376,27.7,58.5,0.473,18.8,24.1,0.779,10.4,29.5,39.8,20,6.8,4.8,13.1,22.4,98.1,NO
21,Minnesota Timberwolves,82,241.5,36.4,82.5,0.441,6.6,18.8,0.353,29.8,63.7,0.467,18.3,23.9,0.769,11.9,29.8,41.7,20.4,6.2,3.9,14.2,21.8,97.8,NO
22,Philadelphia 76ers*,82,240.9,36.5,79.7,0.459,4.2,13.1,0.318,32.4,66.6,0.486,20.1,27,0.745,12.7,28.5,41.2,20.1,8,5.1,14.1,20.1,97.4,NO
23,San Antonio Spurs*,82,242.7,37.1,79.7,0.466,7.6,19.8,0.386,29.5,59.9,0.492,15.2,20,0.761,8.9,32.2,41,21.2,5.8,4,11.7,18.9,97,NO
24,Oklahoma City Thunder,82,241.5,36.6,81.9,0.447,4,11.6,0.346,32.6,70.3,0.463,19.8,25.2,0.786,12.2,30.5,42.6,20.3,7.4,4.5,16.2,20.2,97,NO
25,Washington Wizards,82,240.3,36.5,81.2,0.45,4.8,14.6,0.33,31.7,66.5,0.476,18.2,23.8,0.767,11.7,28.4,40.1,20,7.5,4.5,14,20.5,96.1,NO
26,New Orleans Hornets*,82,240.9,35.5,77.6,0.457,6.8,18.6,0.364,28.7,59,0.487,18,22.4,0.807,9.8,29.9,39.7,19.6,7.2,4.1,12.5,20.3,95.8,NO
27,Los Angeles Clippers,82,242.4,36,81.7,0.441,6.5,18.5,0.354,29.5,63.2,0.467,16.5,22.4,0.736,10.9,29,39.8,21,7,5.9,14.9,20.1,95.1,NO
28,Detroit Pistons*,82,242.7,36.4,80,0.454,4.6,13.2,0.349,31.8,66.8,0.475,16.9,22.5,0.751,11.6,29.9,41.4,20.6,6,4.6,11.9,20.9,94.2,NO
29,Memphis Grizzlies,82,241.5,34.9,77,0.454,4.9,13.5,0.36,30.1,63.5,0.474,19.1,25.3,0.756,10.3,28.5,38.8,17.4,7.5,4.7,15.3,21.7,93.9,NO
30,Charlotte Bobcats,82,243,35,76.8,0.455,6,16.3,0.366,29,60.5,0.479,17.7,24,0.74,10.8,28.9,39.7,21.2,7.1,4.8,15.6,21.4,93,NO
1,Golden State Warriors,82,241.2,41.5,90.3,0.459,9.3,26.6,0.348,32.2,63.7,0.506,18.8,24.9,0.752,12.7,30.4,43.2,22.4,9.1,4.6,13.2,22.9,111,NO
2,Denver Nuggets*,82,242.1,40.3,85.8,0.47,6.9,19.6,0.355,33.4,66.3,0.504,23.1,30.7,0.751,11.2,32.9,44.1,24.7,9.2,6.7,14.7,21.1,110.7,NO
3,Phoenix Suns*,82,241.2,41.4,82.7,0.5,8.5,21.5,0.393,32.9,61.2,0.538,18.9,24.1,0.783,8.8,32.7,41.5,26.7,6.5,6.3,14.4,19.9,110.1,NO
4,Los Angeles Lakers*,82,241.2,39.6,83.1,0.476,8.1,21.4,0.378,31.5,61.8,0.51,21.3,27.7,0.769,11,33.2,44.1,24.4,8,5.3,14.1,20.6,108.6,YES
5,Utah Jazz*,82,240.3,40,80.4,0.497,5,13.4,0.372,35,67,0.522,21.3,28,0.759,11.5,29.4,40.9,26.4,8.7,4.3,14.6,24,106.2,NO
6,Orlando Magic*,82,241.2,37.3,78.6,0.474,9.8,25.3,0.386,27.5,53.3,0.516,20.1,27.9,0.721,9.4,32.6,42,20.8,6.3,4.1,14.3,20.6,104.5,NO
7,Indiana Pacers,82,240.9,37.8,85.3,0.444,9.2,24.6,0.374,28.6,60.6,0.472,19.1,24.9,0.768,11,32.1,43.1,22.7,7.6,5,15.1,23.4,104,NO
8,Sacramento Kings,82,241.8,37.1,80,0.464,6.2,16.7,0.373,30.9,63.3,0.488,22.1,27.7,0.798,10.1,30,40.1,19.1,7.9,4.1,16.1,22.4,102.5,NO
9,New Orleans Hornets*,82,241.5,38.6,82.9,0.466,7.7,19.8,0.389,30.9,63.1,0.49,16,20.8,0.769,11.4,30.4,41.8,21.8,7.8,3.9,11.9,18.7,100.9,NO
10,Memphis Grizzlies,82,241.5,37.3,82.2,0.454,7.6,21.7,0.349,29.8,60.5,0.492,18.5,25.6,0.723,10.3,31.3,41.6,19.2,6.1,4.7,15.3,19.4,100.7,NO
11,Boston Celtics*,82,240.9,36.4,76.7,0.475,7.3,19.1,0.381,29.1,57.6,0.506,20.5,26.5,0.771,10.1,31.9,42,22.4,8.5,4.6,15.2,22.7,100.5,YES
12,Dallas Mavericks*,82,240.6,36.9,79.5,0.464,6,17.1,0.352,30.9,62.3,0.495,20.6,25.3,0.814,10.8,32.2,43,21,6,4.9,12.6,21.8,100.4,NO
13,Toronto Raptors*,82,241.8,38.4,82,0.468,7,17.8,0.392,31.4,64.2,0.489,16.4,20.2,0.812,9.6,30.4,40.1,23.8,7,4.1,11.7,19.5,100.2,NO
14,Washington Wizards*,82,242.7,36.4,81.6,0.446,7,19.7,0.356,29.4,62,0.475,19,24.3,0.782,12.3,29.3,41.6,19.6,7.7,4.8,13.2,19.6,98.8,NO
15,Atlanta Hawks*,82,242.1,36.3,79.9,0.454,4.7,13.1,0.356,31.6,66.8,0.473,21,27.2,0.772,12.3,29.9,42.2,22,7.3,5.5,14.9,20.4,98.2,NO
16,Seattle SuperSonics,82,241.8,38.1,85.8,0.444,3.8,11.5,0.333,34.3,74.3,0.462,17.5,22.8,0.77,11.8,32.8,44.6,21.3,6.5,4.9,16,20.5,97.5,NO
17,Detroit Pistons*,82,240.6,36.6,79.9,0.458,5.9,16.2,0.366,30.6,63.7,0.481,18.4,24,0.767,11.9,29.5,41.4,22.3,7.1,5.8,11.7,20.6,97.5,YES
18,Chicago Bulls,82,241.5,36.4,83.7,0.435,5.8,15.9,0.363,30.6,67.8,0.452,18.7,24.7,0.756,12.8,30.2,43,22.1,7.7,5.2,14.6,21.8,97.3,NO
19,Charlotte Bobcats,82,242.4,36.1,79.9,0.452,6.5,17.6,0.367,29.6,62.3,0.476,18.4,25.8,0.714,10.9,29.8,40.6,21.3,7.5,4.9,14.7,21.7,97.1,NO
20,Milwaukee Bucks,82,242.1,36.9,82.3,0.449,5.5,16,0.344,31.4,66.2,0.474,17.7,24.1,0.733,12.9,28.8,41.7,21.5,6.6,4.4,14.8,21.3,97,NO
21,New York Knicks,82,242.4,36.2,82.4,0.439,6,17.7,0.337,30.2,64.7,0.467,18.6,25.5,0.727,12.5,30,42.5,18.7,6.4,2.6,14.5,21.5,96.9,NO
22,Houston Rockets*,82,240.6,36.6,81.7,0.448,7.1,20.8,0.342,29.5,60.9,0.485,16.4,22.5,0.726,12.2,32.4,44.6,21.4,7.3,5.1,13.7,19.6,96.7,NO
23,Philadelphia 76ers*,82,240.9,37.3,81.1,0.46,3.7,11.6,0.317,33.6,69.5,0.483,18.4,26.1,0.706,13,28.9,41.9,20.4,8.7,4.9,14.3,19.8,96.6,NO
24,Cleveland Cavaliers*,82,242.1,35.8,81.7,0.439,6.7,18.8,0.358,29.1,62.8,0.463,18,25.1,0.717,13.3,31.3,44.6,20,7.1,5.2,14,20.9,96.4,NO
25,New Jersey Nets,82,241.8,34.8,78.7,0.443,6.1,17.4,0.348,28.8,61.2,0.47,20.1,27.3,0.736,11.1,30.7,41.9,23.5,6.4,4.8,15,22.6,95.8,NO
26,Minnesota Timberwolves,82,240.6,37.5,83.1,0.451,5.4,15.4,0.35,32.1,67.8,0.474,15.2,20.6,0.736,11.8,29.6,41.4,19.9,7.5,3.7,14.5,23,95.6,NO
27,San Antonio Spurs*,82,240.6,35.8,78.3,0.457,7.2,19.6,0.369,28.6,58.7,0.487,16.5,21.6,0.761,9.4,31.9,41.3,21,6.4,4.1,12.6,18.7,95.4,YES
28,Portland Trail Blazers,82,242.7,35.8,79.8,0.448,6.6,17.4,0.377,29.2,62.4,0.468,17.2,22.5,0.767,11,29.7,40.7,21.1,5.5,4.4,12.9,20,95.4,NO
29,Los Angeles Clippers,82,241.5,34.4,78.6,0.438,4.3,13.2,0.324,30.1,65.4,0.46,20.8,26.6,0.781,9.8,30.4,40.1,21.1,6.8,4.9,14.4,21.3,93.8,NO
30,Miami Heat,82,241.8,34.2,77.3,0.443,6,16.7,0.358,28.3,60.5,0.467,16.9,23.2,0.727,9.1,28.6,37.6,20,7.2,4.3,14.7,20.4,9,NO
1,Phoenix Suns*,82,242.7,41.3,83.6,0.494,9.6,24,0.399,31.7,59.6,0.532,18,22.3,0.808,9,31.5,40.5,25.9,6.7,4.8,14.5,20.2,110.2,NO
2,Golden State Warriors*,82,240.9,39.8,86,0.463,8.5,24,0.356,31.2,62,0.504,18.5,25.8,0.717,11.5,30,41.4,23.8,9.1,5.7,16,23.6,106.5,NO
3,Denver Nuggets*,82,241.2,38.6,83,0.465,5.9,17.6,0.336,32.7,65.4,0.5,22.3,29.9,0.746,12.2,31.2,43.4,23.4,8.3,5.3,16.5,21.4,105.4,NO
4,Washington Wizards*,82,241.8,37.4,83.2,0.45,6.8,19.7,0.348,30.6,63.5,0.482,22.6,29.6,0.765,12.2,29,41.2,20.2,7.7,4.6,13.8,22.2,104.3,NO
5,Los Angeles Lakers*,82,244.3,37.8,81.3,0.466,7.4,21,0.353,30.4,60.2,0.505,20.2,27.1,0.747,10.8,30.4,41.2,22.6,7.3,5.1,15.5,23,103.3,NO
6,Memphis Grizzlies,82,243.7,36.6,78.6,0.465,6.1,16.6,0.367,30.5,62,0.491,22.4,29.4,0.761,10.6,29,39.5,20.5,6.9,5,16.4,22.3,101.6,NO
7,Utah Jazz*,82,241.5,37.4,78.9,0.474,4.3,12.9,0.335,33.1,66,0.501,22.3,30,0.743,12.6,30,42.5,24.7,7,4.1,15.6,25.2,101.5,YES
8,Sacramento Kings,82,241.5,35.9,79.7,0.45,6.5,18.5,0.35,29.4,61.2,0.48,23.1,30.2,0.765,9.7,29.2,38.9,20.3,8.2,3.2,14.6,21.9,101.3,NO
9,Dallas Mavericks*,82,240.9,36.7,78.6,0.467,6.5,17.1,0.381,30.2,61.4,0.491,20.1,24.9,0.805,11.2,30.7,41.9,19.9,6.8,5,13.9,22.4,100,NO
10,Milwaukee Bucks,82,242.1,38.1,81.9,0.465,6.4,18,0.356,31.7,63.9,0.495,17.1,23.4,0.733,11.5,27.7,39.2,21.6,7.2,2.7,15.1,22.2,99.7,NO
11,Toronto Raptors*,82,240.9,37,79.8,0.463,6.5,17.9,0.363,30.5,62,0.492,19,24.2,0.788,9.2,30.2,39.5,22.2,7.1,3.9,13.5,20.4,99.5,NO
12,Seattle SuperSonics,82,241.8,37.2,80.8,0.46,6.4,17.7,0.362,30.8,63.1,0.487,18.4,23.3,0.791,11.3,28.3,39.6,20.7,7.7,3.7,15.5,22,99.1,NO
13,Chicago Bulls*,82,241.2,37.1,81.3,0.457,5.9,15.1,0.388,31.3,66.2,0.473,18.6,25.4,0.734,12,31.7,43.7,22.3,7.8,5.4,16,23.3,98.8,NO
14,San Antonio Spurs*,82,241.2,36.6,77.2,0.474,7.3,19,0.381,29.3,58.1,0.504,18.1,24.1,0.751,9.3,31.4,40.7,22.1,7.2,5.1,13.9,19.4,98.5,YES
15,New Jersey Nets*,82,242.4,35.5,77.8,0.457,7.4,20.4,0.363,28.1,57.4,0.49,19.1,26.3,0.727,10,30.8,40.8,23.9,6.1,3.3,14.8,22.8,97.6,NO
16,New York Knicks,82,244,35.4,77.5,0.457,5.8,16.7,0.346,29.6,60.8,0.487,20.9,29.2,0.715,12.6,30.7,43.3,18.7,6.6,3.2,17.1,23.6,97.5,NO
17,Houston Rockets*,82,242.1,35.4,79.6,0.445,8.6,23.1,0.372,26.8,56.5,0.475,17.5,23.2,0.753,10.7,32.6,43.3,20.8,7.1,4.1,14.2,20.9,97,NO
18,Charlotte Bobcats,82,244,36.1,81,0.446,5.6,15.6,0.357,30.5,65.4,0.467,19.1,26,0.734,11.2,28.6,39.8,22.4,7.8,4.5,14.9,24.2,96.9,NO
19,Cleveland Cavaliers*,82,242.4,36.3,81.2,0.447,6,17.1,0.352,30.3,64.1,0.473,18.1,26,0.696,12.7,30.8,43.5,20.8,7.6,4.3,14.4,21.7,96.8,YES
20,Minnesota Timberwolves,82,244,36.5,79.3,0.461,4.7,13.3,0.353,31.9,66,0.483,18.3,23.1,0.792,10,30.2,40.2,22.5,6.5,4,15.6,21.4,96.1,NO
21,Detroit Pistons*,82,242.4,35.9,79.1,0.454,5.5,15.9,0.344,30.4,63.2,0.481,18.8,24.2,0.774,11.6,29,40.5,21.6,7.1,5.8,12.2,20.4,96,YES
22,Boston Celtics,82,242.1,34.9,78.7,0.443,5.7,15.6,0.367,29.1,63.1,0.462,20.4,26.6,0.767,11.2,29.2,40.4,19.9,7.2,4.7,16.5,24,95.8,NO
23,Los Angeles Clippers,82,240.6,35.1,77,0.456,3.8,11,0.348,31.3,66,0.474,21.6,27.4,0.788,10.8,30.3,41.1,21.5,7.3,5.8,15.1,22.7,95.6,NO
24,Indiana Pacers,82,241.2,35,80,0.438,5.9,16.9,0.346,29.2,63.1,0.462,19.7,25.9,0.76,12.1,29.8,41.8,20.5,7.3,5.5,16.3,23.3,95.6,NO
25,New Orleans/Oklahoma City Hornets,82,242.4,36.2,81.4,0.445,5.5,15.3,0.362,30.7,66.1,0.464,17.5,23.7,0.74,12.5,30.6,43.1,18.7,6.4,4.2,14.5,19.8,95.5,NO
26,Philadelphia 76ers,82,242.4,35.8,78.1,0.458,3.5,10,0.345,32.3,68.1,0.474,20,26,0.767,11,28.7,39.7,20.4,7.2,4.8,15.3,20.4,94.9,NO
27,Orlando Magic*,82,241.2,35.1,74.3,0.472,4.2,11.7,0.356,30.9,62.5,0.494,20.5,29.2,0.702,11.2,29.5,40.7,18.6,6.9,5.1,17,23.2,94.8,NO
28,Miami Heat*,82,242.1,35.6,76.7,0.464,6.4,18.8,0.343,29.2,57.9,0.503,17,24.6,0.69,10,30.8,40.8,20.5,6.9,5.4,14.6,21.3,94.6,NO
29,Portland Trail Blazers,82,243.4,35,78,0.45,5.2,15,0.346,29.9,62.9,0.474,18.8,24.5,0.769,11.3,28,39.3,18.5,6.8,4.6,15.1,23.5,94.1,NO
30,Atlanta Hawks,82,242.4,34.5,77.7,0.444,4.2,12.7,0.329,30.4,65,0.467,20.5,26.9,0.761,11.9,28.2,40.1,19.2,7.4,5.4,15.9,24,93.7,NO
1,Phoenix Suns*,82,243.4,41.8,87.4,0.479,10.2,25.6,0.399,31.6,61.8,0.511,14.5,18,0.806,9.5,32.3,41.8,26.6,6.7,5,13.3,20.5,108.4,YES
2,Seattle SuperSonics,82,241.8,37.5,81.8,0.459,7.4,19.9,0.371,30.1,62,0.487,20.1,25.7,0.785,12.4,27.2,39.6,20.7,7.6,3.7,14.7,23.6,102.6,NO
3,Washington Wizards*,82,241.8,36.3,81.2,0.447,6.1,17,0.357,30.2,64.2,0.471,23,30.4,0.757,12.6,28.6,41.2,18.6,8,4.1,13.9,22.6,101.7,NO
4,Toronto Raptors,82,243.4,36.7,81,0.454,7.4,19.8,0.375,29.3,61.2,0.479,20.2,25.5,0.791,10.5,27.9,38.5,19.4,6.5,3.3,13.1,24,101.1,NO
5,Denver Nuggets*,82,243,37.5,81.4,0.461,4.3,13.1,0.325,33.3,68.2,0.487,21,28.2,0.744,11,30.3,41.3,23.4,8.5,5.6,14.8,22.7,100.3,NO
6,Miami Heat*,82,240.9,37.1,77.5,0.478,6.1,17.6,0.345,31,59.9,0.517,19.7,28.2,0.7,10.5,32.6,43.1,20.6,6.4,5.4,14.5,22.8,99.9,YES
7,Los Angeles Lakers*,82,242.1,36.5,80.6,0.453,6.7,19.3,0.349,29.8,61.3,0.486,19.7,26.5,0.745,11.8,30.3,42.2,21.1,7.7,4.3,13.9,23.1,99.4,NO
8,Philadelphia 76ers,82,242.7,36.6,79.8,0.458,4.6,12.6,0.364,32,67.3,0.476,21.6,28.4,0.76,10.6,29.6,40.2,20.2,7.9,4.9,14.1,20.9,99.4,NO
9,Dallas Mavericks*,82,242.4,36,77.7,0.462,5.1,13.6,0.374,30.9,64.2,0.481,22.2,28.3,0.783,12.6,29.6,42.2,18,7.2,6,13.6,22.4,99.1,YES
10,Sacramento Kings*,82,241.8,36,79.3,0.454,6,17.2,0.351,30,62.1,0.483,20.8,26.5,0.784,10.4,30.2,40.5,22.3,7.4,3.6,14.6,20.4,98.9,NO
11,Golden State Warriors,82,241.8,35.8,82.7,0.433,7.6,22.3,0.341,28.2,60.4,0.467,19.2,26.7,0.718,12,30.3,42.3,20.7,7.4,4.4,14.1,23.7,98.5,NO
12,Boston Celtics,82,242.4,36,77.1,0.467,5.7,15.7,0.362,30.3,61.4,0.494,20.3,26.9,0.755,9.9,29.7,39.6,20.9,7,5.1,16.6,24.8,98,NO
13,Milwaukee Bucks*,82,242.1,36.3,80.1,0.453,6.2,16.3,0.38,30.1,63.8,0.472,19,25.8,0.738,11.3,29.9,41.2,21.6,7.3,3.3,14.6,23.2,97.8,NO
14,Chicago Bulls*,82,242.7,36.6,82.2,0.446,6.8,18,0.379,29.8,64.1,0.465,17.7,24,0.738,11,31.7,42.8,22,6.2,4.2,14.9,24.9,97.8,NO
15,Cleveland Cavaliers*,82,241.8,35.5,78.2,0.454,6.1,17.9,0.339,29.4,60.3,0.487,20.6,28.3,0.729,11.7,30.6,42.3,19,6.9,4.8,13.9,21.1,97.6,NO
16,Atlanta Hawks,82,242.4,35.9,79.2,0.454,5.2,14.1,0.367,30.8,65.1,0.472,20.2,26.9,0.75,13,27.2,40.3,19.8,7.2,4.8,15.7,25,97.2,NO
17,Los Angeles Clippers*,82,241.5,36.5,78.6,0.465,3.5,10.3,0.344,33,68.3,0.483,20.7,26.1,0.791,10.1,33,43.1,20.8,6.5,6.1,14.5,22.8,97.2,NO
18,Charlotte Bobcats,82,242.7,36.1,83.5,0.433,5.2,15.4,0.339,30.9,68.1,0.454,19.4,26.7,0.729,12.1,27.7,39.8,20.9,10,4.3,14.2,23.9,96.9,NO
19,Detroit Pistons*,82,241.8,36.4,80,0.455,6.8,17.7,0.384,29.6,62.3,0.475,17.3,23.8,0.727,11.9,28.6,40.5,24,7.1,6,11.4,18.5,96.8,YES
20,New York Knicks,82,243,34.4,75.7,0.455,3.9,10.8,0.362,30.5,64.9,0.47,22.9,31.5,0.726,12.6,28.8,41.4,17.9,6.8,3.3,17.7,26.3,95.6,NO
21,San Antonio Spurs*,82,241.5,36.5,77.3,0.472,6.4,16.6,0.385,30.1,60.7,0.496,16.2,23.1,0.702,10.4,31.1,41.5,20.9,6.6,5.7,13.7,20.9,95.6,NO
22,Orlando Magic,82,242.7,35.5,75.2,0.472,3.6,9.7,0.376,31.9,65.5,0.486,20.3,27.8,0.73,10.9,29.3,40.2,18.2,6.5,4.4,15.1,23.3,94.9,NO
23,Indiana Pacers*,82,240.6,34,76.5,0.444,6.5,18.7,0.349,27.4,57.8,0.475,19.4,26.3,0.737,11,31.2,42.2,19.9,7.3,5,15.3,22.2,93.9,NO
24,New Jersey Nets*,82,241.2,33.9,77,0.44,5.8,17.6,0.33,28.1,59.4,0.472,20.2,26.7,0.758,10,31,41,23,6.8,3.4,13.6,23.2,93.8,NO
25,New Orleans/Oklahoma City Hornets,82,241.5,34.5,78.4,0.44,3.7,10.8,0.339,30.9,67.6,0.457,20.1,26.5,0.758,11.2,29,40.2,18.5,7.5,3.8,13.4,21.8,92.8,NO
26,Utah Jazz,82,242.4,33.5,75.7,0.442,3.8,11.3,0.336,29.7,64.4,0.461,21.6,30.1,0.719,13.1,29,42.1,21.6,6.4,6,15.7,24.8,92.4,NO
27,Memphis Grizzlies*,82,242.1,33.5,74.7,0.448,7.2,19.2,0.374,26.3,55.5,0.474,18,25.3,0.711,10.2,29,39.2,19.3,7.3,5.4,13.8,21.4,92.2,NO
28,Minnesota Timberwolves,82,242.1,35.2,77.3,0.456,3.8,11.5,0.329,31.4,65.8,0.478,17.5,23.1,0.758,9.9,29.5,39.4,20.9,6.8,5.7,14.5,23,91.7,NO
29,Houston Rockets,82,241.8,33,76.2,0.433,5.7,17.2,0.332,27.3,59,0.463,18.3,24.1,0.759,10.4,31.3,41.6,19.3,7.2,3.9,14.5,22.7,90.1,NO
30,Portland Trail Blazers,82,240.6,34,76.4,0.445,4.4,12.7,0.349,29.6,63.7,0.464,16.3,23.7,0.689,10.8,26.9,37.7,18.2,6.5,5.3,14.7,22.3,88.8,NO
1,Phoenix Suns*,82,241.2,40.9,85.6,0.477,9.7,24.7,0.393,31.2,60.9,0.512,19,25.4,0.748,11.8,32.3,44.1,23.5,7,5.5,13.7,19.1,110.4,YES
2,Sacramento Kings*,82,242.1,39.1,85.1,0.459,6.4,17,0.374,32.7,68.1,0.48,19.2,24.4,0.787,12.5,29.9,42.4,24.5,8.2,3.9,13.1,20.5,103.7,NO
3,Dallas Mavericks*,82,240.6,37.3,81.6,0.457,5.6,15.5,0.364,31.6,66.1,0.479,22.3,28.2,0.789,12.1,30.9,42.9,19.6,8.6,5.6,13.4,22.3,102.5,NO
4,Miami Heat*,82,243.7,37.8,77.7,0.486,5.8,15.4,0.377,32,62.3,0.513,20.2,30.1,0.672,10.8,32.2,43,21.8,6.4,5.8,13.7,22.1,101.5,YES
5,Boston Celtics*,82,242.4,37.1,79.4,0.468,5.3,15.3,0.349,31.8,64.1,0.496,21.6,28.3,0.764,11.1,29.7,40.8,22.1,8.1,5.2,15.8,24.4,101.3,NO
6,Washington Wizards*,82,241.2,36.2,82.9,0.437,6.3,18.3,0.343,29.9,64.6,0.463,21.9,30.2,0.725,13.8,29,42.8,19.1,8.7,4.2,14.3,22,100.5,NO
7,Toronto Raptors,82,241.5,36,81.2,0.444,7.9,20.5,0.385,28.1,60.7,0.463,19.8,25.6,0.774,10.3,29.8,40.1,20.4,7.6,3.9,13.3,22.9,99.7,NO
8,Denver Nuggets*,82,240.9,37,80.7,0.459,3.9,11.5,0.34,33.1,69.2,0.479,21.5,28.2,0.763,11.8,30.2,42,23.9,9.1,6,14.9,22.9,99.5,NO
9,Orlando Magic,82,240.3,37,81.5,0.454,3.9,11.2,0.349,33.1,70.3,0.471,21.6,28.5,0.759,12.7,31,43.7,19.3,7.7,5.4,16.1,23.6,99.5,NO
10,Philadelphia 76ers*,82,242.1,35.9,82.1,0.437,6.2,17.7,0.348,29.8,64.4,0.462,21.1,26.8,0.789,11.1,30.9,42,20.9,9.2,3.9,15.5,22.9,99.1,NO
11,Seattle SuperSonics*,82,240.9,35.1,79.2,0.444,8.1,22.2,0.365,27,57,0.474,20.5,26,0.79,12.7,28.2,40.9,18.1,6.7,4.1,13.6,23.7,98.9,NO
12,Los Angeles Lakers,82,241.2,35.3,80.8,0.437,7.9,22.1,0.355,27.5,58.7,0.467,20.3,26.1,0.777,12.5,30.6,43.2,20.4,6.2,4.2,14.3,21.9,98.7,NO
13,Golden State Warriors,82,242.7,36.9,85.8,0.43,7.6,21.6,0.352,29.3,64.2,0.457,17.2,23.8,0.722,13,29.7,42.7,22.1,7.8,5.1,13.6,22.4,98.7,NO
14,New York Knicks,82,242.4,36.3,80.5,0.451,5.4,15.1,0.356,30.9,65.4,0.473,19.3,25.1,0.767,11.8,29.2,41,20.3,7.7,3.2,14.7,23.7,97.3,NO
15,Milwaukee Bucks,82,241.2,36.1,80.2,0.45,4,11.3,0.351,32.2,69,0.467,21,27.2,0.772,12,29.3,41.3,21,6.5,3.5,13.8,21.9,97.2,NO
16,Minnesota Timberwolves,82,240.9,37.1,80.8,0.459,4.8,14,0.345,32.3,66.9,0.483,17.7,22.2,0.796,11.5,31.5,43,23.4,5.6,5.5,13.2,21.6,96.8,NO
17,Cleveland Cavaliers,82,242.1,36.5,81.5,0.447,3.7,11,0.332,32.8,70.5,0.465,19.9,26.5,0.752,13.6,28.7,42.3,22.6,8,5.6,13.9,22.6,96.5,NO
18,San Antonio Spurs*,82,241.5,35.6,78.7,0.453,6.2,17,0.363,29.5,61.6,0.478,18.7,25.9,0.724,12,30.4,42.4,21.6,7.5,6.6,13.7,20.9,96.2,YES
19,Los Angeles Clippers,82,244.3,35.7,77.7,0.459,2.8,8.2,0.345,32.8,69.5,0.473,21.6,27.7,0.778,12,29.9,41.9,23.2,7.3,5.1,15.7,22.2,95.7,NO
20,Houston Rockets*,82,242.1,34.7,78.3,0.443,6.7,18.5,0.364,28,59.7,0.468,18.9,24.2,0.781,10.7,31.7,42.4,21.1,6.9,4.6,13.8,22,95.1,NO
21,Chicago Bulls*,82,241.8,34.7,80.4,0.432,6.2,17.5,0.357,28.5,62.9,0.453,18.7,25,0.75,12.2,31.6,43.8,21.3,7,4.5,16.7,24.7,94.5,NO
22,Charlotte Bobcats,82,242.4,36.1,83.6,0.432,3.9,10.7,0.363,32.2,72.9,0.442,18.1,25.6,0.709,13.2,28.5,41.7,21.9,8.5,5.4,14.5,23.1,94.3,NO
23,Memphis Grizzlies*,82,240.3,34.2,76.5,0.447,6.5,18.1,0.357,27.7,58.4,0.475,18.6,24.7,0.754,10.8,28.1,39,20.9,8.5,5.8,14.6,23.3,93.4,NO
24,Detroit Pistons*,82,243.4,34.8,78.3,0.444,4.4,12.8,0.345,30.3,65.5,0.463,19.4,26.2,0.739,12.9,30.6,43.4,21.8,7,6.1,13.8,20,93.3,YES
25,Indiana Pacers*,82,242.7,32.5,75.2,0.432,6.6,19.2,0.344,25.9,56,0.463,21.3,26.9,0.792,10.6,29.5,40.1,18.2,7.5,4.4,14.3,23,93,NO
26,Utah Jazz,82,241.2,34.5,76.8,0.449,3,9.3,0.328,31.4,67.5,0.465,21,27.7,0.757,12.8,27.4,40.1,22.3,6.6,4.6,15.8,26.7,93,NO
27,Portland Trail Blazers,82,240.6,35.3,78.3,0.451,5.1,14.2,0.362,30.2,64.2,0.471,17.2,23.7,0.725,11.8,29.3,41.1,21,7.1,6.6,16,20.8,92.9,NO
28,Atlanta Hawks,82,242.1,35.9,81.4,0.441,3.7,11.9,0.312,32.2,69.5,0.463,17.3,24.3,0.711,13.4,28.5,41.9,19.7,7.7,4.2,16.1,24.5,92.7,NO
29,New Jersey Nets*,82,242.7,33.6,78.3,0.429,5.3,14.7,0.362,28.3,63.6,0.444,19,24.9,0.763,10.4,29.1,39.5,21.6,7.9,3.8,14.2,24.2,91.4,NO
30,New Orleans Hornets,82,243,33.1,80,0.415,5.1,16,0.315,28.1,63.9,0.44,17.1,22.3,0.766,12.4,27.8,40.2,21,6.7,3.8,14.8,23,88.4,NO
03-04...1,Dallas Mavericks*,82,241.5,40.5,88.2,0.459,6.2,17.8,0.348,34.3,70.4,0.488,18,22.6,0.796,14.3,31,45.3,23.9,8,5.3,12.2,19.6,105.2,NO
2,Sacramento Kings*,82,241.2,37.8,81.8,0.462,7.3,18.3,0.401,30.5,63.6,0.48,19.8,24.9,0.795,10.8,30.4,41.2,26.2,8.7,4,13.9,19.3,102.8,NO
3,Los Angeles Lakers*,82,242.1,36.9,81.4,0.454,4.5,13.6,0.327,32.5,67.8,0.479,19.9,28.7,0.693,12.2,30.9,43.1,23.8,8.3,4.6,13.8,21.1,98.2,YES
4,Milwaukee Bucks*,82,241.2,36.2,81.1,0.447,4.9,14,0.35,31.3,67.1,0.467,20.7,26.7,0.775,11.7,30.5,42.2,22.8,6.8,4.7,13.5,20.3,98,NO
5,Denver Nuggets*,82,240.6,36.5,82.5,0.443,4,12,0.336,32.5,70.5,0.461,20.2,26.3,0.767,13.2,29.1,42.3,21.9,9.1,6.3,15.6,22,97.2,NO
6,Seattle SuperSonics,82,241.5,35.8,80.4,0.446,8.8,23.6,0.373,27,56.8,0.476,16.6,21.7,0.765,11.1,28.3,39.3,21.7,8.1,4.7,14.5,21.8,97.1,NO
7,Memphis Grizzlies*,82,242.4,36.1,81.2,0.445,5.5,16,0.34,30.7,65.2,0.471,19,26.1,0.727,12.8,29,41.8,23.4,9.7,6.9,15,23.2,96.7,NO
8,Boston Celtics*,82,240.3,34.7,78.2,0.443,6.7,19.5,0.346,27.9,58.7,0.475,19.2,25.5,0.75,10.4,29.8,40.1,20.5,9.4,4,16.2,22.4,95.3,NO
9,Los Angeles Clippers,82,241.5,34.4,80.2,0.428,4,12.5,0.321,30.3,67.7,0.448,22,28.1,0.785,14,29.5,43.5,20.2,7.2,4.6,16.4,22.1,94.8,NO
10,Minnesota Timberwolves*,82,240.9,37,80.1,0.462,4,10.9,0.363,33,69.2,0.477,16.6,21.3,0.781,10.7,32.3,42.9,23,6.8,5.6,12.7,21.1,94.5,YES
11,Phoenix Suns,82,240.6,36.1,81.4,0.443,5.1,14.7,0.345,31,66.7,0.465,17,22.7,0.746,11.3,29.3,40.6,19.3,9,4.7,15.2,22.7,94.2,NO
12,Orlando Magic,82,241.8,35.4,82.5,0.429,5.2,15.2,0.344,30.2,67.3,0.448,18,24.4,0.737,12.2,28.7,40.9,19.3,6.7,3.8,13.7,21.3,94,NO
13,Golden State Warriors,82,242.1,35.1,79.4,0.442,5.2,15.6,0.334,29.8,63.8,0.468,17.9,24.7,0.725,12.2,30.9,43.1,20.5,7,4.7,14.8,20.6,93.3,NO
14,Cleveland Cavaliers,82,242.1,35.6,82.4,0.433,3,9.6,0.314,32.6,72.8,0.448,18.6,24.8,0.753,13.6,31.9,45.6,22,7.1,6.5,14.8,21.3,92.9,NO
15,Atlanta Hawks,82,242.7,34.5,79.6,0.433,5.1,15.2,0.335,29.4,64.4,0.456,18.7,24.1,0.776,12.1,30.6,42.7,20.1,7.6,5,16.5,22.3,92.8,NO
16,New York Knicks*,82,242.4,35.1,79.4,0.442,5,13.6,0.364,30.2,65.8,0.459,16.8,21.1,0.793,11.6,31,42.6,20.7,7.4,4.8,15.7,23.1,92,NO
17,New Orleans Hornets*,82,241.8,33.8,80.5,0.42,6.5,20.3,0.319,27.3,60.2,0.454,17.7,23.6,0.751,13.3,29.5,42.8,20.9,8.6,4.2,15,20.9,91.8,NO
18,Washington Wizards,82,241.8,33.6,80,0.421,5.3,15.5,0.341,28.4,64.5,0.44,19.3,27,0.714,13.6,29.2,42.8,18.7,8.9,5,17.5,20.9,91.8,NO
19,San Antonio Spurs*,82,240.9,34.7,78.5,0.442,5,13.9,0.358,29.7,64.6,0.46,17.2,25.2,0.681,12.5,32.5,45.1,20.4,8.1,6.5,14.7,20.3,91.5,NO
20,Indiana Pacers*,82,241.5,33.6,77.1,0.435,5.5,15.6,0.351,28.1,61.5,0.457,18.8,24.6,0.764,11.8,29.9,41.7,21.6,8.9,5,14.4,20.8,91.4,YES
21,Portland Trail Blazers,82,243.7,35.3,78.9,0.448,4.6,13.4,0.346,30.7,65.4,0.469,15.4,21.1,0.731,12.7,29,41.7,21.6,7.5,5.4,14.8,19,90.7,NO
22,Miami Heat*,82,240.9,33.3,78.3,0.425,5.9,16.5,0.357,27.4,61.7,0.443,17.8,23.4,0.762,11.5,30,41.5,19.1,7.2,3.8,13.9,22.1,90.3,NO
23,New Jersey Nets*,82,240.3,34.3,77.7,0.441,4.6,13.7,0.336,29.7,64,0.464,17,22.6,0.753,10.5,30.2,40.7,24.5,8.6,3.9,14.7,21,90.3,NO
24,Detroit Pistons*,82,241.2,33.5,77,0.435,4.1,11.8,0.344,29.4,65.2,0.452,19,25.3,0.753,12.4,30.4,42.8,20.8,8,7,15.1,20.3,90.1,YES
25,Houston Rockets*,82,243,33.4,75.5,0.442,6.3,17.1,0.366,27.1,58.4,0.464,16.7,21.6,0.773,10.3,32.3,42.6,19.3,6.8,5.4,16.7,21.5,89.8,NO
26,Chicago Bulls,82,241.8,34.1,82.4,0.414,5.2,15.3,0.342,28.9,67,0.431,16.2,22.4,0.725,12.8,30.7,43.5,21.9,8,4.8,16.1,23.3,89.7,NO
27,Utah Jazz,82,241.2,32.8,75.3,0.436,3.1,9.6,0.321,29.7,65.7,0.453,20,26.8,0.746,13.5,27.7,41.2,20.4,7.1,6,16.6,25.6,88.7,NO
28,Philadelphia 76ers,82,242.1,32.7,76.3,0.428,4.1,12.1,0.342,28.6,64.2,0.445,18.4,24.5,0.753,11.5,29.4,40.8,20,8,4.4,15.9,20.7,88,NO
29,Toronto Raptors,82,243.7,32.4,77.4,0.418,5.6,15.8,0.356,26.7,61.6,0.434,15.1,20.1,0.75,10.1,29.5,39.6,19.2,7.4,4.9,14.2,21.3,85.4,NO
1,Dallas Mavericks*,82,241.2,38.5,85.1,0.453,7.8,20.3,0.381,30.8,64.8,0.475,18.1,21.9,0.829,11.1,31,42.1,22.4,8.1,5.5,11.6,21.1,103,YES
2,Golden State Warriors,82,240.9,37.3,84.6,0.441,5.2,15.1,0.344,32.1,69.6,0.462,22.6,29,0.778,15.7,31,46.7,20.9,7.2,6.2,15.8,21.8,102.4,NO
3,Sacramento Kings*,82,241.8,39.5,85.2,0.464,6,15.7,0.381,33.5,69.5,0.482,16.7,22.3,0.746,11,33.5,44.5,24.8,9,5.6,14.5,20.3,101.7,NO
4,Los Angeles Lakers*,82,243,37.7,83.6,0.451,5.9,16.7,0.356,31.8,66.9,0.475,19,26,0.734,13.1,31.1,44.3,23.3,7.8,5.7,14.5,22.9,100.4,NO
5,Milwaukee Bucks*,82,242.7,37.1,81.3,0.457,7.1,18.6,0.383,30,62.7,0.478,18.1,23.3,0.776,10.7,28.9,39.5,22.2,7.6,4.2,12.7,22.2,99.5,NO
6,Orlando Magic*,82,241.5,35.9,82.5,0.436,6.9,19.4,0.357,29,63.1,0.46,19.7,25.4,0.777,11.7,29.2,40.9,20.4,8.5,3.7,14.4,23,98.5,NO
7,Minnesota Timberwolves*,82,241.5,38.7,83,0.466,3.6,9.8,0.368,35.1,73.2,0.479,17.1,22.3,0.77,11.7,31.9,43.6,25.2,6.7,5.3,13.7,20.8,98.1,NO
8,Memphis Grizzlies,82,243,37.2,82.2,0.452,5.7,15.6,0.365,31.5,66.6,0.473,17.4,23.6,0.739,11.5,30.1,41.6,23.1,7.9,6.1,15.4,20.5,97.5,NO
9,Philadelphia 76ers*,82,242.1,36.3,81,0.448,3,9.6,0.311,33.3,71.4,0.466,21.3,27.5,0.775,12.7,29.5,42.2,21.6,10.3,3.5,14.8,22,96.8,NO
10,Indiana Pacers*,82,242.7,35.5,80.6,0.441,4.6,13.6,0.339,30.9,66.9,0.461,21.2,27.7,0.766,12.2,32,44.2,23.3,8.5,5.4,14.8,22.1,96.8,NO
11,New York Knicks,82,242.1,36.2,82,0.441,7.4,19.3,0.383,28.8,62.7,0.459,16.1,19.8,0.815,10.3,29,39.2,22,7.1,3.1,14,23,95.9,NO
12,San Antonio Spurs*,82,241.8,35.5,76.8,0.462,5.5,15.5,0.354,30,61.3,0.489,19.4,26.8,0.725,11.5,31.2,42.6,20,7.7,6.5,15.8,20.4,95.8,YES
13,Phoenix Suns*,82,241.5,36.6,82.6,0.443,4.8,14,0.343,31.8,68.6,0.464,17.4,23.5,0.742,12.8,29.8,42.5,21,8.1,4.9,14.7,22,95.5,NO
14,New Jersey Nets*,82,240.9,35.4,80.3,0.441,4.2,12.7,0.332,31.2,67.6,0.462,20.3,26.8,0.757,12.1,30.8,42.9,23,8.7,4.6,14.8,21.6,95.4,YES
15,Portland Trail Blazers*,82,242.1,36.4,79.2,0.46,4.6,14,0.33,31.8,65.1,0.488,17.7,23.7,0.745,12.1,29,41.1,22.7,8.8,3.9,15.2,19.9,95.2,NO
16,Chicago Bulls,82,243,36.5,81.9,0.445,4.3,12.2,0.35,32.2,69.7,0.462,17.7,24.6,0.722,12,31,43,21.7,7.4,5.6,16.9,24.7,95,NO
17,Utah Jazz*,82,241.2,35.3,75.5,0.468,2.7,7.8,0.349,32.6,67.7,0.481,21.3,28.6,0.745,12.5,29,41.5,25.6,8.6,5.7,16.8,22.4,94.7,NO
18,Atlanta Hawks,82,242.7,34.9,78.5,0.444,4.9,13.9,0.352,30,64.5,0.464,19.4,24.5,0.793,11.4,31.2,42.6,20.5,7.5,5.8,16.7,21.7,94.1,NO
19,New Orleans Hornets*,82,242.7,35.5,81.6,0.435,4.9,13.1,0.376,30.6,68.5,0.447,17.9,23.3,0.768,13.4,30.2,43.6,22,8,4.8,14.8,21.6,93.9,NO
20,Los Angeles Clippers,82,240.9,34.6,79.1,0.437,4.8,14.4,0.331,29.8,64.8,0.46,19.9,26.5,0.75,12.3,30,42.3,19.6,7,5.6,15.7,21.8,93.8,NO
21,Houston Rockets,82,243,34.6,78.8,0.44,5.4,15.5,0.346,29.3,63.3,0.462,19.1,24.9,0.768,12.5,31.3,43.8,18.4,7.2,6,15.6,19.5,93.8,NO
22,Boston Celtics*,82,241.8,32.9,79.4,0.415,8.8,26.3,0.334,24.2,53.1,0.455,18,24.3,0.742,10.4,30.1,40.5,19.2,8.8,3.7,14,21.4,92.7,NO
23,Seattle SuperSonics,82,242.1,35.2,80.5,0.437,5.6,15.7,0.353,29.6,64.7,0.458,16.2,21.7,0.744,11.7,29.1,40.8,21.6,8.3,3.6,13.2,20.9,92.1,NO
24,Washington Wizards,82,241.8,34.3,78,0.44,3.1,9.9,0.312,31.3,68.1,0.459,19.7,25.3,0.779,11.2,29.2,40.4,19.7,7.6,4.8,13.4,20,91.5,NO
25,Cleveland Cavaliers,82,241.8,34.8,82.3,0.422,3.6,10.9,0.327,31.2,71.3,0.437,18.3,24.5,0.747,13.6,31,44.6,20.9,7.8,6.4,18.3,22.7,91.4,NO
26,Detroit Pistons*,82,242.7,32.9,76.5,0.43,6.5,18.1,0.358,26.4,58.4,0.452,19,24.6,0.771,10.8,29.8,40.6,19.8,6.8,5.7,13.5,21.3,91.4,YES
27,Toronto Raptors,82,241.5,34.7,81.3,0.427,5,14.5,0.343,29.7,66.7,0.446,16.5,22.9,0.718,12.5,28.7,41.2,19.3,7.4,4.8,14.4,21.5,90.9,NO
28,Miami Heat,82,241.8,32.8,79.5,0.412,4.2,13.4,0.316,28.5,66.1,0.432,15.8,20.6,0.765,11.6,30,41.6,18.3,7.2,4,14.2,22.6,85.6,NO
29,Denver Nuggets,82,240.6,32.8,79.8,0.411,2.8,10,0.278,30,69.8,0.43,15.8,22.6,0.699,13.6,28.8,42.4,21.2,8.7,5.1,18.5,25.1,84.2,NO
1,Dallas Mavericks*,82,242.4,39,84.5,0.462,7.6,20.1,0.378,31.5,64.5,0.488,19.6,24.3,0.806,11.2,31.3,42.5,22.1,7.1,4.8,12.1,22.5,105.2,NO
2,Sacramento Kings*,82,240.9,39.8,85.4,0.467,5.2,14.1,0.367,34.6,71.3,0.486,19.7,26.3,0.751,12.4,33,45.3,23.9,9,4.6,13.8,19,104.6,YES
3,Los Angeles Lakers*,82,241.2,38.4,83.4,0.461,6.2,17.5,0.354,32.2,65.9,0.489,18.2,26.1,0.699,12.5,31.8,44.3,23,7.6,5.8,12.7,22.2,101.3,YES
4,Orlando Magic*,82,241.8,37.6,84.1,0.448,7.6,20.2,0.373,30.1,63.8,0.471,17.6,23.4,0.754,11.5,29.8,41.2,22,8.1,4.7,13.6,20.7,100.5,NO
5,Minnesota Timberwolves*,82,241.5,38.7,84,0.461,4.8,12.8,0.378,33.9,71.2,0.476,17.1,21.4,0.798,12.9,31.2,44.2,24.3,6.4,5.2,13.4,21.2,99.3,NO
6,Seattle SuperSonics*,82,241.8,38.2,81.5,0.469,6,15.8,0.378,32.2,65.7,0.49,15.4,20.4,0.755,11.8,28.5,40.3,23.5,8.5,4.4,13.7,21.1,97.7,NO
7,Golden State Warriors,82,241.2,36.6,85.2,0.429,3.9,12.1,0.322,32.7,73.1,0.447,20.6,28.6,0.722,16.3,30.4,46.7,20.8,7.9,6.4,16.8,23,97.7,NO
8,Milwaukee Bucks,82,242.7,37.1,80.2,0.462,7.2,19.3,0.375,29.9,60.9,0.49,16.1,21.5,0.748,10.3,31.2,41.4,22.5,7.3,4.7,14.1,21.8,97.5,NO
9,Indiana Pacers*,82,242.7,35.8,80.2,0.446,4.9,14.6,0.339,30.9,65.7,0.47,20.3,26.3,0.772,11.3,31.3,42.7,23,8,5.3,15.2,22.9,96.8,NO
10,San Antonio Spurs*,82,242.1,35.5,77.6,0.458,5.3,14.8,0.362,30.2,62.8,0.48,20.3,27.4,0.742,11.1,31.3,42.4,20,7.6,6.5,14.4,19.2,96.7,NO
11,Portland Trail Blazers*,82,241.8,36.6,81.4,0.45,5.7,16.1,0.354,31,65.3,0.474,17.7,23.2,0.763,13.2,29.8,43,23.5,8.6,4.5,14.3,19.7,96.6,NO
12,Boston Celtics*,82,241.8,34.8,82.1,0.424,8.5,23.7,0.359,26.3,58.4,0.45,18.3,23.9,0.764,10.9,31.3,42.2,21,9.7,3.6,13.6,21.7,96.4,YES
13,New Jersey Nets*,82,241.8,37.1,83.1,0.446,4.9,14.6,0.338,32.2,68.6,0.469,17.1,23.3,0.735,12.7,30.7,43.3,24.3,8.7,6,14.5,21.1,96.2,YES
14,Utah Jazz*,82,241.8,35,77.7,0.45,3.4,10.3,0.333,31.6,67.5,0.468,22.6,29.6,0.763,13.5,28.6,42.2,24.4,9.1,6.4,16.5,24,96,NO
15,Los Angeles Clippers,82,241.5,36.2,81.3,0.445,5,14,0.356,31.2,67.3,0.464,18.3,24.7,0.739,13.2,30.2,43.4,20.9,6.2,6.6,14.8,19.8,95.7,NO
16,Cleveland Cavaliers,82,242.1,36,80.3,0.448,4.7,12.5,0.377,31.2,67.8,0.461,18.6,24.1,0.772,11.8,30.3,42.1,23.1,7,5.7,14.6,21.4,95.3,NO
17,Phoenix Suns,82,241.8,37.8,84.6,0.447,4.4,13.4,0.327,33.4,71.2,0.469,15.2,19.9,0.767,13.1,29.6,42.7,22.4,8.1,4.9,14.7,21.8,95.1,NO
18,Detroit Pistons*,82,240,34.7,76.8,0.452,6.9,18.4,0.376,27.8,58.4,0.475,18,23.8,0.756,9.9,28.9,38.7,21.5,7.9,6.9,14.5,20.7,94.3,NO
19,Atlanta Hawks,82,241.2,35.4,80.6,0.439,5.2,14.6,0.354,30.2,66,0.458,18.1,23.7,0.765,11.6,29.8,41.5,20.2,8.1,4.3,15.5,20.8,94,NO
20,Charlotte Hornets*,82,240.9,35.3,80.2,0.44,4.2,12.1,0.348,31.1,68.1,0.456,19.1,25.7,0.745,12.9,30.5,43.5,21.5,8,5.6,14,21.3,93.9,NO
21,Washington Wizards,82,240.6,35.8,81.3,0.441,3.7,9.6,0.388,32.1,71.7,0.448,17.4,22.8,0.765,12.9,29.2,42,20.9,7,4.3,13,21.5,92.8,NO
22,Houston Rockets,82,243.7,34.6,80.8,0.428,6,18,0.335,28.5,62.8,0.455,17.1,23.1,0.741,12.5,29.4,41.9,18.1,6.5,5.4,14.1,18,92.3,NO
23,Denver Nuggets,82,241.5,35.5,83.8,0.424,5.2,15.7,0.329,30.4,68.1,0.446,15.9,21.4,0.744,13.6,28.2,41.8,22.2,7.5,5.6,14.7,22.8,92.2,NO
24,New York Knicks,82,241.5,34.4,79.5,0.432,5.8,16.4,0.353,28.6,63.1,0.453,17.1,21.8,0.787,10.7,30,40.7,21,6.8,3.5,14.5,22,91.6,NO
25,Toronto Raptors*,82,240.9,35.6,82,0.434,4.7,13.5,0.349,30.9,68.5,0.451,15.5,20.9,0.739,13.6,28.5,42.1,21.7,8.4,5.5,14.3,21.6,91.4,NO
26,Philadelphia 76ers*,82,240.6,34.2,78.5,0.436,2.6,8.7,0.299,31.6,69.8,0.453,20,25.7,0.779,13.3,30.9,44.2,20,8.6,4.4,15.3,20.1,91,NO
27,Memphis Grizzlies,82,241.2,34.8,79.7,0.436,4.1,13.4,0.307,30.7,66.3,0.462,16.3,23,0.708,12,29.4,41.4,21.8,7.9,6,16.4,19.2,89.9,NO
28,Chicago Bulls,82,241.5,34.3,79.2,0.433,3.7,10.6,0.346,30.6,68.6,0.447,17.2,23.9,0.722,11.3,28.8,40,22.2,7.7,4.4,15.3,22.4,89.5,NO
29,Miami Heat,82,243,34.2,77.8,0.439,3.8,11,0.347,30.4,66.9,0.454,15.1,20.8,0.724,11,31,42,20.3,6.7,5.5,14.8,22.5,87.2,NO
1,Sacramento Kings*,82,244.9,38.2,85,0.449,5.8,16.5,0.354,32.4,68.5,0.472,19.5,25.3,0.771,12,33,45,22.6,9.7,5.3,14.9,19.5,101.7,NO
2,Milwaukee Bucks*,82,241.2,38,82.9,0.458,6.9,18.1,0.379,31.1,64.8,0.48,18,22.9,0.787,11.9,30.5,42.4,22.5,8.2,4.7,13.7,23.5,100.7,YES
3,Los Angeles Lakers*,82,242.7,37.9,81.5,0.465,5.4,15.5,0.344,32.6,66,0.494,19.4,28.5,0.683,13.2,31.5,44.7,23,6.9,6,14.4,22.8,100.6,YES
4,Dallas Mavericks*,82,241.5,37.6,81.9,0.459,6.3,16.5,0.381,31.3,65.4,0.479,18.9,23.8,0.794,10.1,31.4,41.5,21.2,7.5,6,13.9,23.3,100.5,NO
5,Toronto Raptors*,82,243.4,37.2,85,0.437,5.2,14.2,0.369,31.9,70.8,0.451,18.1,24.2,0.747,13.6,30.8,44.5,24.4,7.3,6.3,13.2,21.3,97.6,NO
6,Orlando Magic*,82,243.4,36.7,83.8,0.438,6,16.4,0.364,30.8,67.4,0.456,18,25.2,0.714,13,29.9,42.9,22,8.2,5.9,15.2,25.3,97.5,NO
7,Minnesota Timberwolves*,82,241.8,38.4,83.8,0.458,3.9,11,0.357,34.5,72.8,0.473,16.6,21.2,0.785,12.2,30.1,42.3,25.4,8.3,5.6,13.9,23.2,97.3,NO
8,Seattle SuperSonics,82,241.5,36.9,81.1,0.456,5.7,14.3,0.399,31.3,66.8,0.468,17.7,24.2,0.732,12.2,29.5,41.7,21.9,8,5,15.3,21.1,97.3,NO
9,Houston Rockets,82,241.8,35.9,79.2,0.453,6.1,17.2,0.357,29.7,62,0.48,19.3,25.4,0.758,11.2,30.8,42,19.7,7.2,4.4,14.7,20.2,97.2,NO
10,Utah Jazz*,82,241.2,36.1,76.7,0.471,4,10.4,0.381,32.1,66.3,0.485,20.9,27.8,0.752,11.5,29.1,40.6,25.7,8.1,5.6,15.8,25.7,97.1,NO
11,Denver Nuggets,82,241.2,36.3,83.9,0.433,6.2,17.6,0.355,30.1,66.3,0.454,17.7,24,0.737,12.7,31.5,44.2,24,6.7,6.6,13.9,22.2,96.6,NO
12,San Antonio Spurs*,82,241.8,35.2,76.4,0.461,5.4,13.3,0.407,29.7,63,0.472,20.4,28.5,0.715,11,33.1,44.1,21.7,6.9,7,14,18.9,96.2,YES
13,Detroit Pistons,82,242.1,35.6,83.9,0.424,4.7,13.6,0.35,30.9,70.3,0.439,19.6,27.2,0.721,13.5,32,45.5,19.9,7.5,5.5,15.9,23.8,95.6,NO
14,Portland Trail Blazers*,82,241.2,36.6,78.3,0.468,4.5,12.9,0.349,32.1,65.4,0.492,17.6,23.2,0.762,11.7,30.3,42,23.9,8.2,5.1,15.3,21.3,95.4,NO
15,Philadelphia 76ers*,82,242.1,35.4,79.1,0.447,3.2,9.8,0.326,32.2,69.3,0.464,20.7,27.8,0.745,13.1,31.7,44.8,20.6,8.4,5,15.8,20.4,94.7,YES
16,Boston Celtics,82,241.8,33.8,79.1,0.428,7.2,19.9,0.363,26.6,59.2,0.45,19.8,26.7,0.74,10.9,28.9,39.8,20.8,9.4,4.1,15.7,23.8,94.6,NO
17,Phoenix Suns*,82,241.5,35.9,82.4,0.436,4,12.9,0.315,31.9,69.5,0.458,18.2,24.1,0.755,11.8,30.8,42.7,23.2,9.5,5.2,15.2,22.7,94,NO
18,Washington Wizards,82,240,34.5,78.7,0.439,3.4,10.3,0.324,31.2,68.4,0.456,20.8,27.4,0.759,12.4,28.9,41.3,20.1,7.7,4.7,17,23.3,93.2,NO
19,Indiana Pacers*,82,243.7,34.5,78.4,0.44,4.8,14.1,0.342,29.7,64.3,0.461,18.8,24.5,0.766,11.2,31.6,42.9,21.5,6.9,5.9,15.2,23.5,92.6,NO
20,Golden State Warriors,82,241.2,35.8,87.5,0.409,3.4,11.8,0.293,32.4,75.7,0.427,17.4,24.7,0.706,16.4,29.1,45.5,21.8,9,5,15.9,21.1,92.5,NO
21,Los Angeles Clippers,82,244.3,35.3,78.9,0.448,4.4,13,0.339,30.9,65.9,0.469,17.4,25.1,0.693,11.7,31.2,42.9,19.3,6,6.3,15.8,21.6,92.5,NO
22,Cleveland Cavaliers,82,241.8,35.2,79.7,0.442,2.7,8,0.334,32.6,71.6,0.455,19,24.9,0.765,12.4,29.8,42.1,20.8,7.8,5.3,16.5,23.2,92.2,NO
23,New Jersey Nets,82,240.6,33.9,79.9,0.425,4.4,13.2,0.333,29.5,66.7,0.443,19.9,26.2,0.759,11.1,28.5,39.6,19.5,7.9,5,14.7,24.2,92.1,NO
24,Charlotte Hornets*,82,242.4,34.1,79.3,0.431,4.1,12,0.346,30,67.3,0.446,19.5,26.2,0.745,12.6,31.8,44.4,23.2,8.1,5.5,14.4,21.4,91.9,NO
25,Vancouver Grizzlies,82,241.2,35,79.7,0.439,4,11.5,0.343,31,68.2,0.455,17.8,23.1,0.77,10.9,29.6,40.5,23.2,7.1,4.4,15.7,21.1,91.7,NO
26,Atlanta Hawks,82,240.6,35.1,81.3,0.431,4.1,11.4,0.357,31,69.9,0.443,16.8,22.1,0.759,12.5,30.4,42.9,19,7.7,4.7,16.7,22.7,91,NO
27,Miami Heat*,82,242.4,32.9,76.3,0.43,5.8,16.9,0.345,27,59.4,0.455,17.4,22.9,0.759,9.9,29.7,39.6,19.9,7.7,3.7,13.7,21,88.9,NO
28,New York Knicks*,82,242.7,33.6,75.6,0.444,4.8,13.6,0.351,28.8,62,0.465,16.8,21.1,0.796,9.4,30.8,40.2,18.5,6.6,4.2,14.5,22.7,88.7,NO
29,Chicago Bulls,82,242.1,33.2,78.2,0.424,4,11.6,0.346,29.2,66.6,0.438,17.2,23.3,0.739,11.3,27.6,38.9,22.1,8.2,4.6,15.8,23.2,87,NO
1,New Orleans Pelicans,25,240,43.8,91.6,0.479,10,28.8,0.345,33.9,62.8,0.54,20.5,26.6,0.769,12.1,35.9,48,26.9,7.1,5.7,15,22.6,118.1,
2,Toronto Raptors,25,242,43.9,89.1,0.492,11.7,33.7,0.346,32.2,55.4,0.581,17.1,21.4,0.801,10,35.8,45.7,25.2,8.2,5.4,14.3,22,116.6,
3,Golden State Warriors,25,242,43.5,87.7,0.496,11.3,29.4,0.384,32.2,58.3,0.552,18.1,22,0.824,9.8,35.7,45.4,27.8,7.3,6.3,14.7,22.5,116.4,
4,Philadelphia 76ers,25,244,40.3,87.2,0.462,11,31.4,0.352,29.2,55.8,0.524,22.6,29.1,0.775,10,38,48,26.5,6.8,5.4,15.6,23.1,114.2,
5,New York Knicks,25,243,39.8,91,0.438,10,29.2,0.344,29.8,61.8,0.482,19.3,24.6,0.785,12.3,33.6,45.9,19.1,7.2,5.2,14.1,23,108.9,
6,Brooklyn Nets,25,243,39.4,89.4,0.441,12,34.8,0.345,27.4,54.6,0.502,17.7,24.1,0.733,12.4,32.6,45,22.4,6.7,4,14.1,23.5,108.6,
7,Los Angeles Clippers,23,243.3,42.3,88.7,0.476,9.6,25,0.383,32.7,63.7,0.513,23.6,29.3,0.807,9.5,36.8,46.3,22.6,6,5.3,13.4,23,117.7,
8,Portland Trail Blazers,24,241,41.1,90,0.457,11.3,31.7,0.356,29.8,58.3,0.511,19,23,0.824,11.8,37.3,49.1,20.7,6.2,4.5,14.3,20.9,112.5,
9,Washington Wizards,24,242.1,40.8,89,0.459,10.5,32.5,0.323,30.3,56.5,0.537,19.5,25.9,0.752,9,31.9,41,23.8,8.6,6.2,13.7,22.6,111.7,
10,Utah Jazz,25,240,38.7,83.5,0.464,10.8,32,0.338,27.9,51.6,0.542,18.8,26.2,0.717,9.1,33.7,42.8,24.1,8.7,5.4,15.4,21.9,107,
11,Milwaukee Bucks,22,242.3,44.7,91.6,0.488,14.6,40.5,0.361,30,51.1,0.588,17.4,22.7,0.764,10,40.5,50.5,27.4,7,6,14.8,21.1,121.4,
12,Sacramento Kings,23,240,43.7,91.6,0.477,10.7,27.6,0.388,33,64,0.516,16.5,23.7,0.694,10.4,34.8,45.2,24.9,8.4,4.3,14.4,22.8,114.7,
13,Charlotte Hornets,23,242.2,42,91.2,0.461,12,33.8,0.355,30,57.4,0.523,18.3,23.1,0.793,9.5,34.4,43.9,24.3,7.7,5.5,12,20.4,114.4,
14,Minnesota Timberwolves,24,240,39.9,90.3,0.442,10.8,29.7,0.364,29.1,60.7,0.48,18.9,23.4,0.809,11.3,32.6,43.9,23.1,9.5,5.5,13.3,19.7,109.5,
15,San Antonio Spurs,24,242.1,41,89.5,0.458,9.4,24.3,0.386,31.6,65.2,0.485,17.9,21.8,0.822,10.6,33.3,43.9,23.8,5.9,4.2,12.3,18.5,109.3,
16,Los Angeles Lakers,23,241.1,43.2,90.6,0.476,10.1,29.3,0.345,33,61.3,0.539,16.3,23,0.706,10.1,36.4,46.5,23.9,8.4,6.4,15.7,21.2,112.7,
17,Atlanta Hawks,24,240,39.5,89.3,0.442,11.1,35.3,0.314,28.4,54,0.526,17.5,23.6,0.742,10,33.5,43.5,24.4,9.1,5.9,17.8,23.5,107.6,
18,Chicago Bulls,25,243,38.4,87.5,0.439,10,29.3,0.341,28.4,58.2,0.489,16,20.4,0.781,7.6,34.4,42,22.3,7.7,4.8,14.9,20.3,102.8,
19,Orlando Magic,24,240,40.3,88.7,0.454,11.1,31.2,0.355,29.2,57.5,0.508,14.1,18.1,0.779,9.1,33.1,42.3,26,7.2,5.6,12.8,19.8,105.8,
20,Indiana Pacers,24,240,40.7,85.3,0.477,9.3,24.8,0.376,31.4,60.5,0.519,15,20.5,0.732,8.4,33.9,42.3,24.4,9.4,5.2,14.7,19.5,105.8,
21,Denver Nuggets,23,241.1,41.7,89.8,0.465,10.4,29.8,0.348,31.3,60,0.522,16.3,22,0.745,12.3,35,47.3,26.8,8.7,4.8,13.8,20.7,110.2,
22,Houston Rockets,23,242.2,38.4,85.6,0.449,14.5,42.3,0.342,24,43.3,0.553,17.9,23.9,0.747,10.8,30.2,41,21.5,8.2,6,13.9,23.4,109.2,
23,Boston Celtics,23,242.2,40.2,90.3,0.445,13,36,0.359,27.3,54.3,0.502,15.1,19.2,0.787,10.3,35.4,45.8,24.9,8.2,5.2,13.1,21.8,108.5,
24,Phoenix Suns,24,241,38.9,85.3,0.456,10.3,30.8,0.335,28.5,54.4,0.525,15,19.3,0.774,8,31.9,39.9,23.5,8,4.1,16.2,23.7,103,
25,Miami Heat,23,241.1,38.9,90,0.432,12,33.3,0.361,26.8,56.7,0.474,17.6,25.2,0.699,12.5,35,47.6,21.8,7.5,6.7,15.1,23,107.4,
26,Oklahoma City Thunder,22,240,41.9,92.8,0.451,10,31.7,0.314,31.9,61.1,0.522,17.3,24,0.72,12.7,35.9,48.6,22.5,10.4,5.8,14.1,22.5,111,
27,Dallas Mavericks,22,241.1,39.5,86,0.46,11.9,33.1,0.359,27.7,52.9,0.524,19.9,26.5,0.75,10.2,35.3,45.5,22.8,7.9,4.8,15.9,21.1,110.8,
28,Cleveland Cavaliers,23,240,38.6,87.3,0.442,8.2,23.3,0.352,30.3,64,0.474,17.2,21.5,0.8,12.1,31.9,44,19.1,6.9,2.3,13.5,21.5,102.6,
29,Detroit Pistons,21,244.8,40,92.3,0.433,11,34.2,0.323,28.9,58.1,0.498,19.2,26.1,0.737,12.7,34.7,47.3,21.4,7,3.8,13.8,23.4,110.2,
30,Memphis Grizzlies,22,244.5,38.1,83.4,0.457,10.3,27.9,0.369,27.8,55.5,0.501,18,23.7,0.758,7.5,31.8,39.3,23.7,8.9,6,12.8,22.9,104.4,